link,title
http://toutiao.io/r/17yb0x,[译] 技术面试准备手册
http://toutiao.io/r/dd6x8y,ASCII Art：使用纯文本流程图
http://toutiao.io/r/4renf1,常用推荐算法
http://toutiao.io/r/r1w28i,区块链：一种去中心化的公开记录系统
http://toutiao.io/r/69qklo,Android 调试自测工具（一）：Hugo、Timber、Scalpel
http://toutiao.io/r/b5775w,一个关于如何成为优秀 Web Developer 的 App
http://toutiao.io/r/a7mtjz,Python Coding Style Guide 的快速落地实践
http://toutiao.io/r/3e4dft,[英] 2015 年十大热门 Python 库
http://toutiao.io/r/mr3n63,Docker 周报（第 59 期）
http://toutiao.io/r/jr1yql,深入理解 RESTful API 架构
http://toutiao.io/r/i5sue9,Chromium 网页加载过程简要介绍和学习计划
http://toutiao.io/r/f41iky,Google 如何从网络的大海里捞到针
http://toutiao.io/r/cey8kh,Go Commons Pool 发布以及 Golang 多线程编程问题总结
http://toutiao.io/r/6wkapl,UIController 中 Slider 监听回调具体实现的分离
http://toutiao.io/r/ngej58,Apache HBase 2015 年发展回顾与未来展望
http://toutiao.io/r/d3hxnt,[译] ML vs AI vs NLP：人工智能核心探秘
http://toutiao.io/r/fmaeiw,gom: A visual interface to work with runtime profiling data for Go
link,title
http://toutiao.io/r/17yb0x,[译] 技术面试准备手册
http://toutiao.io/r/dd6x8y,ASCII Art：使用纯文本流程图
http://toutiao.io/r/4renf1,常用推荐算法
http://toutiao.io/r/r1w28i,区块链：一种去中心化的公开记录系统
http://toutiao.io/r/69qklo,Android 调试自测工具（一）：Hugo、Timber、Scalpel
http://toutiao.io/r/b5775w,一个关于如何成为优秀 Web Developer 的 App
http://toutiao.io/r/a7mtjz,Python Coding Style Guide 的快速落地实践
http://toutiao.io/r/3e4dft,[英] 2015 年十大热门 Python 库
http://toutiao.io/r/mr3n63,Docker 周报（第 59 期）
http://toutiao.io/r/jr1yql,深入理解 RESTful API 架构
http://toutiao.io/r/i5sue9,Chromium 网页加载过程简要介绍和学习计划
http://toutiao.io/r/f41iky,Google 如何从网络的大海里捞到针
http://toutiao.io/r/cey8kh,Go Commons Pool 发布以及 Golang 多线程编程问题总结
http://toutiao.io/r/6wkapl,UIController 中 Slider 监听回调具体实现的分离
http://toutiao.io/r/ngej58,Apache HBase 2015 年发展回顾与未来展望
http://toutiao.io/r/d3hxnt,[译] ML vs AI vs NLP：人工智能核心探秘
http://toutiao.io/r/fmaeiw,gom: A visual interface to work with runtime profiling data for Go
link,title
http://toutiao.io/r/54u8nx,给创业码农的话：如何提升开发效率
http://toutiao.io/r/2j1379,[PDF] 《Python Cookbook》第三版（中文版）
http://toutiao.io/r/jbzl7y,淘宝数据产品技术架构分析
http://toutiao.io/r/amlwq6,2015 年做设计我最大的思考和收获
http://toutiao.io/r/q0l6ed,[译] Java 日志记录的 5 条规则
http://toutiao.io/r/howzit,手把手教你 74 行代码实现手写数字识别
http://toutiao.io/r/3fk41e,如何设计你的 2016 年年度计划
http://toutiao.io/r/bman6p,境外 “暗黑客栈” 组织对国内企业高管发起 APT 攻击
http://toutiao.io/r/dc263h,iOS 实现 App 之间的内容分享
http://toutiao.io/r/st7p27,redux 源码阅读笔记
http://toutiao.io/r/y24ycy,90 分钟极速入门 Linux
http://toutiao.io/r/dz6moo,JavaScript 核心基础
http://toutiao.io/r/kpk8an,27 岁的程序员应该怎么从发型、着装上提升自己？
http://toutiao.io/r/40ses9,初创团队如何招募靠谱的技术团队
http://toutiao.io/r/zsuac4,Android 动态加载技术系列索引
http://toutiao.io/r/jebwq0,[译] 为什么我为 css 变量如此兴奋
http://toutiao.io/r/0bf79y,"Modern application architectures (Reactive programming, MVVM and beyond)"
http://toutiao.io/r/wkn6cy,[译] 2016 年六大 OpenStack & Docker 发展趋势预测
http://toutiao.io/r/zfkrfz,[PDF] GlusterFS 分布式文件系统
http://toutiao.io/r/stfpp5,React Native 动画（多图）
http://toutiao.io/r/2pq5oq,[译] YC 掌门人论 “项目” 与 “公司” 的区别
http://toutiao.io/r/mrvfm5,Swift 中数据类型精度的一点探索
http://toutiao.io/r/c8267a,[译] 掌握 iOS 8 中的动态文本
http://toutiao.io/r/tljewl,GTA V 图形分析摘要
http://toutiao.io/r/9ewkex,另一份 Java 应用调优指南之前菜
http://toutiao.io/r/2v0rmo,图像验证码和大规模图像识别技术
http://toutiao.io/r/jhm06o,浅谈开源工具自动化运维阶段
http://toutiao.io/r/oela4s,章亦春的 OpenResty 和它的贡献者们
http://toutiao.io/r/y1bfwl,[译] 命令行的艺术
http://toutiao.io/r/p5q7du,Tomcat 源码深析之 web.xml 组件的处理
http://toutiao.io/r/3bgv4c,[译] 2016 年给大家的第一波设计圈干货大合集（多图）
http://toutiao.io/r/f2omr5,[译] 用树莓派和显示器制作一面 “魔镜”
http://toutiao.io/r/hc3de0,Understanding cPython by Patching – part 1
http://toutiao.io/r/kji6gg,Swift: Commonly Rejected Changes
http://toutiao.io/r/mf2u49,[译] 回顾过去一年容器技术的发展
http://toutiao.io/r/iyukf2,NodeJieba：“结巴” 中文分词的 Node.js 版本
http://toutiao.io/r/25tw3n,Svpa：基于 Koajs 的开源字符头像服务
http://toutiao.io/r/s7hhrp,Hadoop 基准测试
http://toutiao.io/r/tvhfjs,TTGTagCollectionView：显示文字 / 自定义标签库（OC）
http://toutiao.io/r/vhu8uf,一个程序员的 2015 年的学习总结
http://toutiao.io/r/v1w3r6,用 Docker 和 Git 搭建在线开发环境
http://toutiao.io/r/q4vho1,2015 程序人生大串烧
http://toutiao.io/r/pkj3ei,使用 Python 写一个小小的项目监控（2014）
http://toutiao.io/r/c3d3r8,猿题库 iOS 客户端架构设计
http://toutiao.io/r/bgoirl,[译] Hacker News 网站 50 篇最佳文章
http://toutiao.io/r/1tjmwz,《开发者头条》Chrome 分享插件（需梯子）
http://toutiao.io/r/fiv5ui,讲一讲 JavaScript DOM
http://toutiao.io/r/b9lfan,域模型的价值
http://toutiao.io/r/3xszbx,频繁变化的团队如何打造团队文化
http://toutiao.io/r/vb346v,美图秀秀 DBA 谈 MySQL 运维及优化
http://toutiao.io/r/b21ix6,[译] 国外程序员整理的系统管理员资源大全
http://toutiao.io/r/7zkza5,Android 内存泄漏终极解决篇（上）
http://toutiao.io/r/b3ubj7,最牛的开源机器学习框架，你知道几个
http://toutiao.io/r/w4n9x3,MySQL 5.7 新特性大全和未来展望
http://toutiao.io/r/cpvmov,《AngularJS 深度剖析与最佳实践》简介
http://toutiao.io/r/p6zskq,探究 Node.js 中的 drain 事件
http://toutiao.io/r/tyu1dm,[译] Android 开发生僻却实用的知识点（二）
http://toutiao.io/r/3hlagm,Spark 中的 rollup
http://toutiao.io/r/zs0cyv,配置 IntelliJ 做为 Go 的 IDE
http://toutiao.io/r/yxzq8d,PeriscopeLayout - 一个类似 Android Periscope 点赞效果的 Layout
http://toutiao.io/r/01ngrt,巧用 SecureCRT 实现复杂的 ssh 登录过程自动化
http://toutiao.io/r/56fatk,[译] 前端绘制图形的几种方式
http://toutiao.io/r/m12930,[译] 在团队开发中使用 CocoaPods 的小技巧
http://toutiao.io/r/sdu53z,Jacman 基于 Pacman 修改的 Hexo 主题
http://toutiao.io/r/q4afay,Spark 动态资源分配
http://toutiao.io/r/ugemz0,不要用 AWS SDK 去造轮子
http://toutiao.io/r/gu1umd,如何在 Swift 中调用 C 库（入门篇）
http://toutiao.io/r/dy86hf,Android 移动平台中 NDEF 标签的扫描应用研究
http://toutiao.io/r/2uymsb,MASSCAN: Mass IP port scanner
link,title
http://toutiao.io/r/w0uebp,那些让我觉得自己一无是处的面试
http://toutiao.io/r/o1wtrx,Python 编码的意义
http://toutiao.io/r/d7rxzv,[译] 2016 年最值得关注的 16 个网页设计趋势
http://toutiao.io/r/hz0rit,15 分钟带你入门 Fuse
http://toutiao.io/r/d9nm83,[英] 来自 W3C 的 JavaScript 最佳实践
http://toutiao.io/r/t7gciq,[译] Yahoo 开源 Java 超快速计算算法 Data Sketches
http://toutiao.io/r/ak0me6,[译] C 和 C++ 的没落
http://toutiao.io/r/9uu1y2,iOS 开发中的 Self-Manager 模式
http://toutiao.io/r/fmvyr8,网页设计常用色彩搭配表
http://toutiao.io/r/sz8ief,关于 Android 中工作者线程的思考
http://toutiao.io/r/ox2b6p,26 岁程序员的出路
http://toutiao.io/r/cmrr0k,iOS 开发中的 Git 流程
http://toutiao.io/r/5tvol7,[译] 用 Opencv 和 Python 对汪星人做模糊检测
http://toutiao.io/r/d6y1i5,[译] Apache Mesos 和数据中心操作系统的崛起
http://toutiao.io/r/boljpg,NSRunLoop 需要知道的一些事
http://toutiao.io/r/dingol,StatsD！次世代系统监控的核心
http://toutiao.io/r/1397cm,[译] 使用 JBoss Modules 来模块化 Java
http://toutiao.io/r/nqnd1d,[译] JavaScript V8 性能小贴士
http://toutiao.io/r/j7ru11,Design Patterns in Clojure
http://toutiao.io/r/c1jjae,据说程序员写完代码是这个样子，99% 的人都中枪了（多图）
http://toutiao.io/r/l10084,微信朋友圈技术之道：三个人的后台团队与每日十亿的发布量
http://toutiao.io/r/0xmqjt,在 Mac 上使用 PlantUML 高效画图
http://toutiao.io/r/qt6avr,[译] 利用 Python 练习数据挖掘
http://toutiao.io/r/s61693,Android 开发技术周报 Issue#60
http://toutiao.io/r/lif2mx,轻松学习正则表达式
http://toutiao.io/r/s1xoi2,[PDF] 千万级规模高性能、高并发的网络架构
http://toutiao.io/r/gulih1,[译] 如果你写了 25 年代码，你将会遇到这些
http://toutiao.io/r/t80iye,高仿微信
http://toutiao.io/r/0y0s7t,初识 Apple Watch 应用开发
http://toutiao.io/r/mojeov,Spark Shuffle Write 阶段磁盘文件分析
http://toutiao.io/r/hk6pwd,基于 Virtual DOM 与 Diff DOM 的测试代码生成
http://toutiao.io/r/21qh3a,从 Nginx 默认不压缩 HTTP/1.0 说起
http://toutiao.io/r/kd64av,[译] Android 应用架构演变史
http://toutiao.io/r/acxq3l,Android 内存优化杂谈
http://toutiao.io/r/l92s00,Apache Commons Pool 故事一则
http://toutiao.io/r/sw4ice,[译] Emacs：最好的 Python 编辑器？
http://toutiao.io/r/sf0kux,Retrofit 2 源码解析
http://toutiao.io/r/z80svr,PHP 7 新特性
http://toutiao.io/r/2wuy9t,[译] Spring Boot 与 Docker（一）：微服务架构和容器化概述
http://toutiao.io/r/0tamr2,iOS 中 JavaScript 和 OC 交互
http://toutiao.io/r/55teb2,我为什么旗帜鲜明地反对 MingGeJS
http://toutiao.io/r/enhozs,[译] Node.js 开发者必须了解的 4 个 JS 要点
http://toutiao.io/r/d342t8,日均百万 PV 的站点如何做性能监测？
http://toutiao.io/r/dq587g,创业中的幂定律
http://toutiao.io/r/22cutk,[译] 设计与制约
http://toutiao.io/r/aivbjm,基于 Travis CI 搭建 Android 自动发布工作流
http://toutiao.io/r/w7z1fd,GiftRainView：一个用来下金币，下红包的 View
http://toutiao.io/r/eurorh,[译] Mixins 比继承更好
http://toutiao.io/r/4wa17r,程序员的思考：教育的未来
http://toutiao.io/r/mhq18s,EventBus 源码研读（中）
http://toutiao.io/r/4ysr1o,[译] React 0.14：揭秘局部组件状态陷阱
http://toutiao.io/r/axx4ql,[译] Chrome 自定义 Tabs，让 App 和 Web 之间的转场更平滑
http://toutiao.io/r/tpw4vt,WaveLoadingView：帮你轻松实现波浪式加载，提供高度定制（各种姿势）
http://toutiao.io/r/3vttp2,PM 周刊（第 9 期）
http://toutiao.io/r/cip9ib,Appium Python API 中文版
http://toutiao.io/r/f00l9h,FrameDAL - 一个 ORM 持久层框架（C#）
http://toutiao.io/r/nshkdu,Velocity New York 2015：前端篇
http://toutiao.io/r/ip6stx,[译] JavaScript 否定谓语函数
http://toutiao.io/r/et4u7l,初用 CocoaAsyncSocket
http://toutiao.io/r/d9a8v3,NSNotificationCenter
http://toutiao.io/r/86dvex,Kinto – open-source alternative to Firebase and Parse
http://toutiao.io/r/pvtlpz,Memcache mutex 设计模式（2010）
http://toutiao.io/r/x3k5au,Docker 之如何优雅地科学上网
http://toutiao.io/r/6q17rz,[译] 程序员究竟该如何提高效率（2011）
http://toutiao.io/r/6sv5y3,[译] 30+ 有用的 CSS 代码片段
http://toutiao.io/r/ebby94,Android View 总结
http://toutiao.io/r/xefpic,[PDF] Go 1.5 源码剖析（正式版）
http://toutiao.io/r/csvgh7,Java 中 VO、PO、BO、QO、DAO、POJO 的概念
http://toutiao.io/r/znw4fv,React Native 的架构设计
http://toutiao.io/r/9wsb1q,数据库 schema 设计与优化
http://toutiao.io/r/a74eef,写出高质量代码的 10 个 Tips
http://toutiao.io/r/czw1ex,[译] 如何选择前端框架
http://toutiao.io/r/ybymkl,LeetCode 题解
http://toutiao.io/r/uqnsgq,[译] Elasticsearch 结合 Nginx 使用
http://toutiao.io/r/yka0xv,聊聊 Nuwa
http://toutiao.io/r/gf2pcn,容器服务如何在企业客户落地？
http://toutiao.io/r/d7hkqe,[译] 避免 App 沦为“僵尸”的 12 个秘诀
http://toutiao.io/r/93rocs,[译] Swift 的变化：从 2.2 到 3.0 会带来什么
http://toutiao.io/r/p1d7yn,微博“异地多活”部署经验谈
http://toutiao.io/r/742bg0,我不是很懂 C++ 的泛型
http://toutiao.io/r/dih2d0,php-fpm 的 max_chindren 的一些误区
http://toutiao.io/r/9g2zxg,如何评价 Angular 2 发布 Beta 版本？
http://toutiao.io/r/bon0vt,Block 类型变量：缓存 Http 请求与回调
http://toutiao.io/r/wxfiwj,数据库内核月报（12 月）
http://toutiao.io/r/rczbja,iOS 测试在应用发布前后的痛点探索以及解决方案
http://toutiao.io/r/n44bvt,有没有安全的工作？
http://toutiao.io/r/u72rni,聊聊移动 App 中反馈提示的设计方法与实例
http://toutiao.io/r/ji5174,8 Patterns to Help You Destroy Massive View Controller
http://toutiao.io/r/spy22s,自定义 Git：Git 属性
http://toutiao.io/r/k8kqyu,"DevopsWiki - A wiki of Guides, Scripts, Tutorials related to devops"
http://toutiao.io/r/9fb5eg,微软亚洲研究院开源图数据库 GraphView
http://toutiao.io/r/1qsxuu,千万级规模高性能、高并发的网络架构经验分享
http://toutiao.io/r/6bh7yw,一周 IT 技术干货（码农周刊第 99 期）
http://toutiao.io/r/3n9561,Google TensorFlow 官方文档中文版
http://toutiao.io/r/abgpt1,[译] 最近 5 年 133 个 Java 面试问题列表
http://toutiao.io/r/0g06a9,DDPush - 一款开源免费的单机千万级实时信息推送服务器（Java）
http://toutiao.io/r/814jyw,缘起 Linux，一入 Mac 误终身
http://toutiao.io/r/cmhq3a,分布式系统中 Unique ID 的生成方法
http://toutiao.io/r/7z1j98,Android 下拉刷新开源库对比
http://toutiao.io/r/565k3w,Android Studio 你不知道的快捷键（三）
http://toutiao.io/r/wuphgq,前端扫盲之打造一个 Node 命令行工具
http://toutiao.io/r/x99k8c,以实时连接场景为目标的一些技术架构探索
http://toutiao.io/r/jaxknr,2015 年最值得关注 JS 程序员（二）
http://toutiao.io/r/nk4smi,[译] 拒绝“技术栈”选择恐惧症
http://toutiao.io/r/dfczsm,“写作”是优秀程序员的基本技术栈
http://toutiao.io/r/ii2s2w,Go：简洁的并发（2012）
http://toutiao.io/r/gsd0gz,Android 代码质量检查利器：从代码源头保证代码质量
http://toutiao.io/r/b4zelm,ReactiveCocoa 学习之路
http://toutiao.io/r/682579,我是怎么阅读 Kubernetes 源代码的？
http://toutiao.io/r/z7nrxh,EventBus 源码研读（下）
http://toutiao.io/r/h5y3g9,编写 iOS HTTP 网络请求库（总）
http://toutiao.io/r/8jdvj5,React Native for Android 热部署图片解决方案
http://toutiao.io/r/8p0224,一个小于 1kb 的 placeholder JavaScript 库
http://toutiao.io/r/8j9h5h,[译] Linux 工作站安全检查清单
http://toutiao.io/r/nznvbn,[译] Spark 操作指南
http://toutiao.io/r/dmfwmo,EFK 日志收集丢失率测试报告
http://toutiao.io/r/betwoe,AKKA 中的 Event Stream
http://toutiao.io/r/0csik0,新版卖家中心 Bigpipe 实践（一）
http://toutiao.io/r/0yytz7,抢不到车票？这些大数据就是你的抢票锦囊
http://toutiao.io/r/w5x2ki,Botkit：建立 Slack 的机器人
http://toutiao.io/r/1txfli,iOS 开发之使用 Storyboard 预览 UI 在不同屏幕上的运行效果
http://toutiao.io/r/u5668u,Ceph 性能优化总结
http://toutiao.io/r/iqiwew,如何进行高性能自动化测试
http://toutiao.io/r/84jo2l,梳理一些近期关于编程和其他一些感想
http://toutiao.io/r/j3e1tx,FastHttpRouter - A high performance fasthttp request router that scales well
http://toutiao.io/r/mx51jf,使用 Swift 原生库解析 XML 数据
http://toutiao.io/r/vr9mzm,懂设计或软件，哪个比较重要？
http://toutiao.io/r/x4l0qk,使用 rt_tables 巧妙配置 Linux 多网卡多路由实现动态路由
http://toutiao.io/r/w5ba9v,[译] 在 iOS 8 和 iOS 9 中锁定视图自动旋转
http://toutiao.io/r/fxhd39,每周 Swift 社区问答 2015-12-16
http://toutiao.io/r/f0hyfk,不要在聊天工具中 Copy/paste private key
http://toutiao.io/r/0ukhht,Developer 进阶书单
http://toutiao.io/r/ah2wzp,有哪些工具或者软件堪称神器？
http://toutiao.io/r/w8w00r,fir.im Weekly - iOS/Android 应用程序架构解析
http://toutiao.io/r/ve43h2,Android 开发者站点资源
http://toutiao.io/r/ewq5sa,Nginx 做负载均衡器以及 Proxy 缓存配置
http://toutiao.io/r/rvq3la,用黑客思维做测试：神器 Xposed 框架介绍
http://toutiao.io/r/l43ek4,不中断现有连接，平滑升级 Nginx
http://toutiao.io/r/87n0xu,再来细说一下 RunLoop
http://toutiao.io/r/njv7mb,[译] 自己动手开发网络服务器（一）
http://toutiao.io/r/r8cjrj,一步步教你用 Hugo 搭建博客
http://toutiao.io/r/ux7q4z,全球架构师峰会北京站 2015 大会幻灯片
http://toutiao.io/r/rqz2am,善待 Redis 里的数据
http://toutiao.io/r/y9jys7,Android 上的 RxJava 必备库
http://toutiao.io/r/ym59mn,[译] 10 个日常 Docker 使用技巧
http://toutiao.io/r/zjqlmr,C++ 项目管理
http://toutiao.io/r/m5lcge,《财富》2015 年度书单：今年 CEO 们读了哪些书
http://toutiao.io/r/6t66pt,Twitter 的百 TB 级 Redis 缓存实践
http://toutiao.io/r/jh92qa,我的 Clojure 学习笔记（GitBook）
http://toutiao.io/r/j4h5p1,GenCode：云端在线代码生成器
http://toutiao.io/r/7pgsok,Android Intent 跳转第三方地图导航大全
http://toutiao.io/r/bqc87r,HTTP/2 讲解
http://toutiao.io/r/tccya0,终端应用开发指南
http://toutiao.io/r/77dzm4,从下向上来开发
http://toutiao.io/r/rl1i3s,goDataAccess：Golang 实现的数据接入框架
http://toutiao.io/r/h66zjt,[译] React 的 diff 算法
http://toutiao.io/r/f7dzwq,NSURLSession 网络库：原生系统送给我们的礼物
http://toutiao.io/r/c07odd,Spark 的性能调优
http://toutiao.io/r/6d2i1g,RxCamera - 一个 RxJava 风格的 Android camera 封装
http://toutiao.io/r/978wtu,Swift 与 Objective-C 混编（一）
http://toutiao.io/r/cfb0gu,Transdux：更简洁更函数式的管理 React 状态
http://toutiao.io/r/x1oo3c,Lambda docker : Event-driven code runtime like AWS Lambda service
http://toutiao.io/r/1aw57o,前端这些年
http://toutiao.io/r/6vcndr,FEX 技术周刊 - 2015/12/21
http://toutiao.io/r/9kw0w0,WebGL 技术储备指南
http://toutiao.io/r/dl3adz,WebShell：将 Web 应用打包成 OS X 原生应用
http://toutiao.io/r/e3hcmj,[译] Weaveworks 是如何利用 Kubernetes 来构建多级部署解决方案的？
http://toutiao.io/r/mnz2ul,1 分钟不用改任何代码在 Eclipse 中使用 AAR
http://toutiao.io/r/ab21nc,[译] Perfect smooth scrolling in UITableViews
http://toutiao.io/r/l5pm6j,SecrecySwift：Swift 下的摘要方法 / AES / RSA 加密和签名
http://toutiao.io/r/ml35ug,Java 开发必会的 Linux 命令
http://toutiao.io/r/6era8c,[译] 其实闭包并不高深莫测
http://toutiao.io/r/wdv6bs,[译] 可以为 2016 年备用的 9 个顶级动画库
http://toutiao.io/r/c5dp08,ThoughtWorks 读书雷达（2016）
http://toutiao.io/r/8bkiab,[译] 日常使用 Git 的 19 个建议
http://toutiao.io/r/vs2yhz,[译] 当讨论分布式系统时，我们都会讨论些什么？
http://toutiao.io/r/i0mwrr,漫谈 iOS 程序的证书和签名机制
http://toutiao.io/r/zzrije,菜鸟程序员如何才能快速提高自己的技术
http://toutiao.io/r/8n6y9g,谈谈技术人员的成长
http://toutiao.io/r/ky2dfs,2 分钟读懂大数据框架 Hadoop 和 Spark 的异同
http://toutiao.io/r/bshxxm,iOS 开发：KVO 的奥秘
http://toutiao.io/r/8nsk1z,前端开发基础：JavaScript
http://toutiao.io/r/kr7g0a,[译] 为什么总是“边缘人”在改变世界？
http://toutiao.io/r/q88ndj,[PDF] 深入理解 Android 之 Dalvik
http://toutiao.io/r/hibneg,2015 年最值得关注 JS 程序员（一）
http://toutiao.io/r/j41hkp,Swift 学习资源集合
http://toutiao.io/r/pj27ny,React 源码剖析系列：玩转 React Transition
http://toutiao.io/r/vgqpwb,StuQ 技能图
http://toutiao.io/r/b332yk,ESTCollectionViewDropDownList - 一款类似虾米的 iOS 下拉筛选菜单列表
http://toutiao.io/r/m3sdsr,Android Studio 你不知道的调试技巧
http://toutiao.io/r/uon59m,为什么你应该先成为全栈工程师
http://toutiao.io/r/drjgwe,你们是不是很缺大数据工程师？
http://toutiao.io/r/588u8s,Kafka 高性能吞吐揭秘
http://toutiao.io/r/eo4mka,关于启用 HTTPS 的一些经验分享（二）
http://toutiao.io/r/ipip5y,Java 调试那点事
http://toutiao.io/r/qj55mk,系列文章：开发自己的 IDE（2011）
http://toutiao.io/r/468bav,Android 开发技术周报 Issue#61
http://toutiao.io/r/r2lbsw,Android MVVM 到底是啥？看完就明白了
http://toutiao.io/r/jovc6e,浏览器缓存机制（2012）
http://toutiao.io/r/cnwvao,React Native Android 热更新
http://toutiao.io/r/z0lk9b,[译] 音乐家们的开源工具箱
http://toutiao.io/r/ecuedn,[译] 雅虎开源解析 HTML 页面数据的 Web 爬取工具 Anthelion
http://toutiao.io/r/nj0f93,iOS Architecture Patterns
http://toutiao.io/r/qhlqpx,Nginx 缓存过期影响因素优先级分析
http://toutiao.io/r/zjyoqq,[译] JavaScript 如何实现后台计划任务
http://toutiao.io/r/mjgkl7,无线性能优化：域名收敛
http://toutiao.io/r/67rkdb,[译] Airbnb React 编程规范
http://toutiao.io/r/plmu1u,[译] Gulp 新手入门教程
http://toutiao.io/r/xce3k6,IT 运维分析与海量日志搜索
http://toutiao.io/r/w5rnhb,DevOps 实用资源整理
http://toutiao.io/r/l2agov,PHP 规范化代码风格指南（PSR、PEAR、Symfony）
http://toutiao.io/r/4kb9gx,[译] 解密非凡的蚁群算法
http://toutiao.io/r/zm5o29,Gitlab Gitflow 总结
http://toutiao.io/r/2cw5k6,前端性能优化（三）：传统 JavaScript 优化的误区
http://toutiao.io/r/o5ve2m,[译] 可能是 2015 年最不能错过的英文字体素材免费下载
http://toutiao.io/r/qzli1z,Fab and Dialog Morphing Animation on Android
http://toutiao.io/r/7o9my4,混合云使用场景、关键技术和未来
http://toutiao.io/r/73fq96,解读 App Store 2015 年度精选 App
http://toutiao.io/r/ogjexp,Spark 中实现基础的 PageRank
http://toutiao.io/r/7fa99e,iOS 之 UIApplication，viewController 生命流程小结
http://toutiao.io/r/4cj0rr,Angular 2 今天终于更新代码到 beta 版本啦！
http://toutiao.io/r/lxr5sa,文件操作的 Swift 实现
http://toutiao.io/r/r6v0jd,iOS 9 对前端做了什么？
http://toutiao.io/r/bquez7,ESTMusicPlayer - 一款简洁优雅的 iOS 开源音乐播放器
http://toutiao.io/r/wagonm,[译] 如何在 Swift 中使用 Alamofire 进行网络编程
http://toutiao.io/r/t0pu9s,分层架构与公司组织
http://toutiao.io/r/4qtkh2,基于面向协议 MVP 模式下的软件设计（iOS 篇）
http://toutiao.io/r/s8yz6f,[译] Node.js 应用程序的 5 条性能建议
http://toutiao.io/r/oh998n,Hodor - 一套支持 iOS 应用内多语言切换的解决方案
http://toutiao.io/r/k78bbe,React Native Android 小结
http://toutiao.io/r/z2282d,26 个 User Onboarding 最佳实践
http://toutiao.io/r/9pcxz6,ARC 下需要注意的内存管理
http://toutiao.io/r/rierdy,Android 6.0 系统学习之 JNI
http://toutiao.io/r/qx6la2,FEX 技术周刊 - 2015/12/14
http://toutiao.io/r/xrlo64,Phan - 一个 PHP 7+ 代码静态分析工具
http://toutiao.io/r/zte1n4,[英] 机器学习教程
http://toutiao.io/r/7n0yy5,node-make：又一个 Makefile 的 JS 版本
http://toutiao.io/r/6aifaw,[译] Swift 2.1 Playground 使用值放置方法
http://toutiao.io/r/bw6m3z,OS X 上的 Markdown 编辑器杂谈
http://toutiao.io/r/0s9m3a,Spring Boot 应用的测试：Mockito
http://toutiao.io/r/mbxfyc,[译] 自己动手开发网络服务器（二）
http://toutiao.io/r/64nnzx,树莓派点亮 LED
http://toutiao.io/r/kiik5r,[译] Google 推出 CDN 服务，意在沛公？
http://toutiao.io/r/j6f68m,Android WebView 上传文件支持全解析
http://toutiao.io/r/b64eb0,有趣的 std::tuple - 一行代码解析命令行字符串
http://toutiao.io/r/wc3u8d,窥探 Swift 之协议和委托代理回调的使用
http://toutiao.io/r/td5n9k,如何避免云服务数据不同步？
http://toutiao.io/r/odumk0,PM 周刊第 10 期 2015-12-21
http://toutiao.io/r/9ilfu1,ZSNavigationFilterMenuView 动画解析：基于 navigationBar 的 titleView 创造
http://toutiao.io/r/v9xacl,SmartAppUpdates：Android 应用增量更新
http://toutiao.io/r/we05eo,数据民工，一致性洗车
http://toutiao.io/r/ej8u9a,[译] 如何用科学方法帮你提升用户粘性？
http://toutiao.io/r/ampsso,软件外包靠谱吗？
http://toutiao.io/r/2s2ftp,如何快速学习一门新技术
http://toutiao.io/r/vy48f6,[译] 这篇文章可以帮你掌握命令行的艺术
http://toutiao.io/r/52wqoq,iOS 动画总结
http://toutiao.io/r/15nbt1,用 Python 监控网站 Web 服务质量
http://toutiao.io/r/4mc8tj,如何优雅地使用 Sublime Text
http://toutiao.io/r/ocwgil,手机淘宝移动端接入网关基础架构演进之路
http://toutiao.io/r/uc4hih,在 Maven + Spring 项目中使用 Node.js 的 Gulp 进行前端自动化构建
http://toutiao.io/r/civwbl,Angular 2 表格验证
http://toutiao.io/r/mmlppa,[译] 2016 年移动领域发展趋势的 16 个猜想
http://toutiao.io/r/rm8xzw,JavaScript DOM 编程
http://toutiao.io/r/td3bbi,Android 6.0 状态栏使用灰色文字和图标
http://toutiao.io/r/8s26xx,运维平台选型，提速 DevOps 运维
http://toutiao.io/r/xmskzj,LLVM Tutorial
http://toutiao.io/r/2ru65n,SDWebImage 实现分析
http://toutiao.io/r/w7fqqn,从头开始写操作系统系列：页表以及相关的描述符详解
http://toutiao.io/r/lvj3yb,理解内核模块
http://toutiao.io/r/40hxko,[译] Facebook 和 Uber 这种公司为什么需要那么多程序员
http://toutiao.io/r/if6gj0,iOS 内存管理：ARC MRC 引用计数器 autorelease
http://toutiao.io/r/04mnh9,Pitaya v1.4 发布：内置全功能 JSON 处理器 JSONNeverDie 的 Swift HTTP / HTTPS 网络库
http://toutiao.io/r/zib8yy,[译] Python async/await 教程
http://toutiao.io/r/36iv38,[译] Twitter 的 like 动画 Android 版：备选方案
http://toutiao.io/r/q4n5dh,并行的 RPC 框架 Yar Java Client
http://toutiao.io/r/fq5bgs,[译] 如何在深度学习中运用科学的方法论
http://toutiao.io/r/rq4osf,快速将 NS_ENUM 转换成 NSString
http://toutiao.io/r/42wl8v,[译] Puppet 踏上容器之旅，全面支持 Kubernetes
http://toutiao.io/r/ba296o,[译] Swift 与 C 的交互
http://toutiao.io/r/g33cpw,一周 IT 技术干货（码农周刊第 100 期）
http://toutiao.io/r/cmbqxg,如何用 GitHub 去管理你的 idea
http://toutiao.io/r/kmbaxn,魅族实时消息推送架构
http://toutiao.io/r/an5yom,Angular 2 初探
http://toutiao.io/r/8ixmrh,Git 协作流程
http://toutiao.io/r/6qd875,聊聊 Java 中日期的几种常见操作：取值、转换、加减、比较
http://toutiao.io/r/638cfg,iOS OC 语言：Block 底层实现原理
http://toutiao.io/r/r0qlf2,有了 tldr，妈妈再也不用担心我记不住命令了
http://toutiao.io/r/bkj4cr,中国互联网年度趋势报告：124 页 PPT 解读七大“最热行业”
http://toutiao.io/r/xhvy4p,[译] 如果圣诞老人是一名程序员
http://toutiao.io/r/alvb5o,软件测试新趋势
http://toutiao.io/r/hc2t12,iOS 开发：ReactiveCocoa 框架
http://toutiao.io/r/xtmvez,更加安全和简单的方式通过堡垒机 ssh
http://toutiao.io/r/ry2kac,[译] 我给所有新手程序员的建议
http://toutiao.io/r/js6l81,Twitter 高性能分布式日志系统架构解析
http://toutiao.io/r/6ewbyy,Android 软键盘和 emoji 表情切换方案，和微信几乎一样的体验
http://toutiao.io/r/61qcxl,深度学习原理和在自然语言处理上的应用
http://toutiao.io/r/91cepp,Let's Encrypt，免费好用的 HTTPS 证书
http://toutiao.io/r/c2fdlv,[译] 2015 年 50+ JavaScript 工具、资源合集（一）
http://toutiao.io/r/96r6j3,怎样成为一名黑客
http://toutiao.io/r/9vp1xq,idgo - 一个基于 MySQL 的轻量级 ID 生成器（Golang）
http://toutiao.io/r/km9c8v,[译] 自己动手开发网络服务器（三）
http://toutiao.io/r/cc516g,Android 单元测试研究与实践
http://toutiao.io/r/y2luo4,基于 Docker 和 Git 的持续集成工作流
http://toutiao.io/r/gyinfw,用 awk 实现一个关系型数据库
http://toutiao.io/r/h63s1w,活在一个注定失败的创业公司里，这 400 天来我的思考
http://toutiao.io/r/zmnsq0,App 孤岛战争
http://toutiao.io/r/bsak38,HTextView：Android TextView 动画效果
http://toutiao.io/r/3ql6ep,[译] 论 Google 和 Facebook 资深产品经理的自我修养（下）
http://toutiao.io/r/yoaudu,为什么 API 监控对于任何业务来说都重要？
http://toutiao.io/r/80186u,Redis Sentinel UI：简易的 Redis Sentinel 集群 UI
http://toutiao.io/r/wfje0f,OS X 那些事：恶意软件是如何启动的？
http://toutiao.io/r/wygriz,使用 JavaScript 开发原生 tvOS 应用
http://toutiao.io/r/o4l3x1,棱镜：分布式实时计算的跟踪校验系统
http://toutiao.io/r/cuz2j4,另一个 Python Protobuf 库 Pyrobuf
http://toutiao.io/r/b1xtrc,Spring Boot 应用的健康监控
http://toutiao.io/r/96q7qi,async 源码阅读笔记
http://toutiao.io/r/v0nkqn,MEAN 杂谈
http://toutiao.io/r/9wczl1,大数据猿们，是时候想想这几个问题了
http://toutiao.io/r/3otu37,[译] 2016 年最值得关注的移动端 App 设计趋势
http://toutiao.io/r/2un9fy,Bottle Security Checklist
http://toutiao.io/r/kuf7h4,Ruby 2.3.0 Released
http://toutiao.io/r/ybdsze,当我们谈论开机的时候我们在谈论什么：段页式存储
http://toutiao.io/r/u1vemm,go-id-builder：Golang 实现的 ID 生成器
http://toutiao.io/r/ninwhs,Spacemacs Rocks
http://toutiao.io/r/544nmy,Struct：定制更复杂的值类型（Swift）
http://toutiao.io/r/6uuq5s,微服务实战（二）：容器和微服务
http://toutiao.io/r/m7w149,WebSocket 探索其与语音、图片的能力
http://toutiao.io/r/mwhlgy,iOS 9 by Tutorials 笔记（十二）：Contacts
http://toutiao.io/r/jgq5ca,Android WebView File 域攻击杂谈
http://toutiao.io/r/e2xfwy,浅尝 Android 模拟器 2.0
http://toutiao.io/r/b00alh,回顾 2015 年：从翻译到浮现式设计
http://toutiao.io/r/ihynlc,AWSQLiteDB：在 Swift 中更简单地操作 SQLite
http://toutiao.io/r/eef0jw,JavaScript 数据读取原理及优化
http://toutiao.io/r/sonhk3,Spray 中对复杂 JSON 的序列化与反序列化
http://toutiao.io/r/e2twms,[译] React 组件/元素与实例分析
http://toutiao.io/r/5q75wf,[译] NodeOS - 一个用 JavaScript 写出来的操作系统
http://toutiao.io/r/9bk6m9,[译] 再谈容器标准：CoreOS 总结 OCI、CNCF 和 AppC 的发展
http://toutiao.io/r/y0ge5l,猫呢.js：范畴论的 JavaScript 实现
http://toutiao.io/r/gn5ok3,[英] 简单解释 JavaScript 术语
http://toutiao.io/r/l88chf,[译] 变量在 PHP 7 内部的实现（二）
http://toutiao.io/r/sh7sxl,Massive View Controller
http://toutiao.io/r/oxj9mz,[译] 关于 Swift 演变的趣味探讨
http://toutiao.io/r/wsro7p,热度 Top N 排名算法的设计
http://toutiao.io/r/ptazc4,Redis 的性能幻想与残酷现实
http://toutiao.io/r/7vmqxj,微软程序员最好的时代来了
http://toutiao.io/r/asgjbe,使用 Pjax 优化你的网站
http://toutiao.io/r/nsewb5,Elasticsearch 初入门
http://toutiao.io/r/lvmh3c,2015 前端生态发展回顾
http://toutiao.io/r/a7pxyb,[译] 你可能不知道，小型公司和创业公司其实根本不同
http://toutiao.io/r/jt96d2,[译] Java 应用发布后，需要关注的 7 个性能指标
http://toutiao.io/r/mu3ckg,CPU Cache 本质论
http://toutiao.io/r/ntlctv,创业后我才知道的几个“谎言”
http://toutiao.io/r/swipg7,Python async/await Tutorial
http://toutiao.io/r/n1omzi,JVM 飙高排查脚本：结构分析
http://toutiao.io/r/dbgtx4,[译] 为什么你得学些 TCP 的知识？
http://toutiao.io/r/zbqqrl,构建更高质量的 Android 应用：2015 Playtime 之 Build Better
http://toutiao.io/r/r36qos,App Store 上线的那些事儿
http://toutiao.io/r/rzdu1e,iOS 视图，动画渲染机制探究
http://toutiao.io/r/j5gmen,利用 TDD 思维实现 email 的正则表达
http://toutiao.io/r/cmu7fm,漫谈大型网站架构
http://toutiao.io/r/0qk204,[译] 为什么 Facebook 要将视频从 Flash 全面迁移到 HTML5？
http://toutiao.io/r/hskz07,[PDF] 硅谷之火
http://toutiao.io/r/ugultn,iOS 9 by Tutorials 笔记（十一）：UIKit Dynamics
http://toutiao.io/r/peyd6v,圣诞节，把网站所有的 JS 代码都压缩成圣诞树吧
http://toutiao.io/r/j4kgkh,[译] 通过自动布局来实现 iOS 动画
http://toutiao.io/r/p8e80x,[译] Docker 在英雄联盟游戏中的实践探索（五）
http://toutiao.io/r/706xoj,Slogan：在线为开源项目生成 logo
http://toutiao.io/r/698y9c,每周练习：GCD（Swift）
http://toutiao.io/r/g11wu3,Spark Checkpoint 读操作代码分析
http://toutiao.io/r/ntgo3b,[译] Swift 3 及展望
http://toutiao.io/r/q7fc3w,Docker 容器明文密码问题解决之道
http://toutiao.io/r/i0yq13,The Hadoop Ecosystem Table
http://toutiao.io/r/r8q8cg,树莓派 2 通过 I2C 访问 MPU6050
http://toutiao.io/r/6yvjpe,Hadoop Yarn 内存资源隔离实现原理：基于线程监控的内存隔离方案
http://toutiao.io/r/26hpu5,"Hey async, await me"
http://toutiao.io/r/863jlq,React Native Android 关于我是如何打包 APK 的
http://toutiao.io/r/r564xd,"React Refetch - A simple, declarative, and composable way to fetch data for React components"
http://toutiao.io/r/osvo1o,三周三页面
http://toutiao.io/r/1ed6pe,使用 CloudKit 作为跨平台数据库
http://toutiao.io/r/i1kp2f,使用 NSURLSession 开发一个支持后台下载和断点续传的下载工具
http://toutiao.io/r/39zeca,kingshard 的 FAQ
http://toutiao.io/r/ycnsog,优化 Postgres-x2 GTM
http://toutiao.io/r/d23uhx,Chrome 插件开发，只要你敢露我就敢抓
http://toutiao.io/r/xa34nj,听说你又在写自嗨型的年度计划？
http://toutiao.io/r/m0titp,老衣的工具集 2015 版
http://toutiao.io/r/lag6k3,2015 年十大热门 Android 开源新项目
http://toutiao.io/r/a5301h,开源堡垒机 Jumpserver 正式发布 V3.0
http://toutiao.io/r/6589qm,大话 Git 工作流
http://toutiao.io/r/evsf25,Spring 中文响应处理
http://toutiao.io/r/vezqvb,2015 年读书总结
http://toutiao.io/r/65a2mn,Android 开发技术周报 Issue#62
http://toutiao.io/r/f1apix,技术揭秘 12306 改造：尖峰日 PV 值 297 亿下可每秒出票 1032 张
http://toutiao.io/r/n2ur15,技术雷达：关于技术趋势的分析报告
http://toutiao.io/r/k3r5kc,Performanced C++ 经验规则（一）：你不知道的构造函数（上）
http://toutiao.io/r/dkk6bp,浅析 x86 架构中 cache 的组织结构
http://toutiao.io/r/iyy51k,React Native 原生开发
http://toutiao.io/r/t5wfgn,[译] Unity 自定义角色控制器（一）
http://toutiao.io/r/ril80d,Glow: Map Reduce for Golang
http://toutiao.io/r/cprtgr,组长的决定都是对的吗？
http://toutiao.io/r/d7ljnp,Mac 使用 Pfctl 来完成 Docker 的网络映射
http://toutiao.io/r/jim0c9,豆瓣还是朋友圈：大数据、新方法和日常问题
http://toutiao.io/r/14z82h,VWInstantRun - 一个可以直接运行所选行代码的 Xcode 插件
http://toutiao.io/r/nmw544,WordPress 全方位优化指南（下）
http://toutiao.io/r/mj8uue,Regal：用于“灰度发布”或 A/B Testing 的智能分组引擎（Python）
http://toutiao.io/r/yrhnh8,[译] Flux 架构与 Android
http://toutiao.io/r/h2122x,白话 PHP 7 扩展开发之创建对象
http://toutiao.io/r/7yj504,[译] 如何使用 Swift、Foursquare API 及 Realm 构建一款 Coffee Shop 应用
http://toutiao.io/r/vn3zab,解读 2015 之 Android 篇：横向扩张、平稳发展
http://toutiao.io/r/7b02vl,PM 周刊第 11 期 2015-12-28
http://toutiao.io/r/4isv79,学习 React 第二步
http://toutiao.io/r/y8qe3r,Cgroup：从 CPU 资源隔离说起（一）
http://toutiao.io/r/o6oue5,[译] 小 Printf 的编程故事：第二章
http://toutiao.io/r/4vy6wu,程序实现自己管理数据清理工作（2014）
http://toutiao.io/r/exz0gq,30 分钟快速搭建基于 OSS 的移动应用
http://toutiao.io/r/vkm3ye,文本相似性，词袋向量化
http://toutiao.io/r/9eg0ft,Node.js 单元测试：workflow
http://toutiao.io/r/759p6e,Primrose VR：创建 VR 应用的 Web 框架
http://toutiao.io/r/bihdps,在 GitHub 上找“好东西”的方法
http://toutiao.io/r/huhgkh,HTTPS 工作原理
http://toutiao.io/r/0uilvh,一个前端程序猿的 Sublime Text 3 的自我修养
http://toutiao.io/r/hbs3yv,有数据的 apps：手机端的数据表达式
http://toutiao.io/r/48j615,我在百度那两年：讲述运营、团队和企业文化那点事
http://toutiao.io/r/bmd43i,深入理解 JVM 之内存区域与内存溢出
http://toutiao.io/r/maikxm,泰勒级数的物理意义
http://toutiao.io/r/es7m4x,日志系统之基于 Zookeeper 的分布式协同设计
http://toutiao.io/r/hbsrgb,[译] Chrome 开发者工具的实用技巧
http://toutiao.io/r/q7or0v,[译] 2015 年 50+ JavaScript 工具、资源合集（二）
http://toutiao.io/r/zwmryi,从日志统计到大数据分析（一）：洪荒年代
http://toutiao.io/r/emgfxj,[译] iOS 9，为前端世界都带来了些什么？
http://toutiao.io/r/6hwvg8,[译] Git 学习圣经《Pro Git 2nd》
http://toutiao.io/r/mqyq5j,2015，我读过的那些书
http://toutiao.io/r/h0k8ir,Golang 技术点分享
http://toutiao.io/r/t9cdk7,最通俗易懂的方式让你理解 Swift 的函数式之编程
http://toutiao.io/r/ehp3kp,React Native 开发实践
http://toutiao.io/r/04xjhy,游戏开发之状态机的实现与优化
http://toutiao.io/r/r7ehdd,[译] Java Servlet 工作原理问答
http://toutiao.io/r/yfevx9,Angular 2 依赖注入
http://toutiao.io/r/jkqnp2,卷积神经网络初探
http://toutiao.io/r/2oneou,Android 给 APK 签名那点事
http://toutiao.io/r/m6nnai,Pigeon：为 iOS/Android 与后台交互而定制的 RPC 框架
http://toutiao.io/r/tc6m8h,用爱一起画 Git
http://toutiao.io/r/4ndxen,[译] 2015 年我最喜爱的一些前端工具
http://toutiao.io/r/xlvhfi,ZooKeeper 基础知识
http://toutiao.io/r/jxhqik,亿万级 App 架构演进之路
http://toutiao.io/r/rbcul2,大家都应该做的 Code Review
http://toutiao.io/r/2wh5i5,Web 应用开发七日谈
http://toutiao.io/r/f299py,从零写一个围棋打谱 iOS App
http://toutiao.io/r/7ywr38,青瓷引擎 - 一款开源免费的 JavaScript 游戏引擎类库
http://toutiao.io/r/vjoc2p,也谈链路劫持
http://toutiao.io/r/xwkq8c,如何用一周时间学习 Rails
http://toutiao.io/r/9ib51u,SICP 第三章总结
http://toutiao.io/r/xmmi6w,在 Node.js 应用中集成 Redis
http://toutiao.io/r/rxdiwb,Swift：关于 Optional 的一点唠叨
http://toutiao.io/r/p04hon,HMM 学习最佳范例一：介绍（2009）
http://toutiao.io/r/6yv8oi,[译] 红帽产品总监回顾容器与 PaaS 的发展历程
http://toutiao.io/r/zqcfx8,使用 Vagrant 统一开发环境实践
http://toutiao.io/r/3qyorh,[译] 25 个 Java 机器学习工具 & 库
http://toutiao.io/r/r12mkq,fir.im Weekly - 除了写代码，还需要了解什么
http://toutiao.io/r/ggxtd7,Android Fresco 图片加载框架（一）：源码简要分析
http://toutiao.io/r/4miojx,我眼中的前端框架 jQuery、Angular、React、Vue 以及我看前端架构
http://toutiao.io/r/a8qlx6,深入 WebView 与 JavaScript 交互
http://toutiao.io/r/o1bosx,Golang 开发必备
http://toutiao.io/r/pr3335,大坑：iOS 系统时间格式区别
http://toutiao.io/r/sbhe8a,Apple configure profile
http://toutiao.io/r/bcdgwb,How To Secure Nginx with Let's Encrypt on Ubuntu 14.04
http://toutiao.io/r/345n53,[译] Perl 6 发布了！
http://toutiao.io/r/1ht15f,移动无线测试技能树
http://toutiao.io/r/85ove9,Pinpoint：开源 APM 监控系统
http://toutiao.io/r/hxzi5u,iOS 图片自适应 UIImageView-AutoAdapter
http://toutiao.io/r/igw2io,JavaScript 优化 UI 队列
http://toutiao.io/r/clydp9,LeakCanary 内存泄露监测原理研究
http://toutiao.io/r/9sxg6s,WordPress 全方位优化指南（上）
http://toutiao.io/r/z8rfm1,Docker 周报（第 58 期）
http://toutiao.io/r/d7hzss,[译] Y Combinator 创业终极指南：创业想法篇
http://toutiao.io/r/ffiidm,码天狗周刊（CodeTengu Weekly）第 22 期
http://toutiao.io/r/kjlvy3,ReactiveCocoa v2.5 源码解析之架构总览
http://toutiao.io/r/mqz5vm,[译] 小 Printf 的编程故事：第一章
http://toutiao.io/r/n75scl,漫谈如何自制表达式解析器
http://toutiao.io/r/2uw58v,使用高阶函数实现类的扩展设计
http://toutiao.io/r/ekssmd,PyVideoCore: Python Library for GPGPU on Raspberry Pi
http://toutiao.io/r/d9ocnn,FEX 技术周刊 - 2015/12/28
http://toutiao.io/r/05a1un,[译] Swift 中的弱引用
http://toutiao.io/r/9u0awt,在 Mac 上使用 PhpStorm 部署你的代码
http://toutiao.io/r/emixx8,《Python Cookbook》第三版（中文版）
http://toutiao.io/r/1gmc5e,闯过这 54 关，点亮你的 Git 技能树
http://toutiao.io/r/adoolr,近几年前端技术盘点以及 2016 年技术发展方向
http://toutiao.io/r/a3f8ir,Go 边看边练：《Go 学习笔记》系列
http://toutiao.io/r/c3jo5a,全站 HTTPS 来了
http://toutiao.io/r/nrqxfm,Facebook 对于 MySQL 数据库的备份策略和方法
http://toutiao.io/r/mqeec1,美团推荐算法实践
http://toutiao.io/r/96pypj,不可错过的 JavaScript 迷你库
http://toutiao.io/r/gkht8f,京东图书详情页数据展示 Bug 和由此引发的猜测
http://toutiao.io/r/fjaoaa,一种 SaltStack nodegroups.conf 全自动更新分组归类的方法
http://toutiao.io/r/t2yh5k,真正的 Android
http://toutiao.io/r/ahf9rs,TCP 连接建立的三次握手过程可以携带数据吗？
http://toutiao.io/r/yeo77t,三种方法实现移动端 HTTPS 加速和省电
http://toutiao.io/r/ff7z91,苏宁易购：商品详情系统架构设计
http://toutiao.io/r/2jmabn,微信浏览器 WebView 调试
http://toutiao.io/r/xwkgtv,JavaScript 编程实战优化
http://toutiao.io/r/mcdl0r,高性能高可用的实时数据架构演进之路（多图）
http://toutiao.io/r/0binei,gopy：将 Go 库转化为 Python 可用的 lib
http://toutiao.io/r/id6q94,Http 协议中的 Range 请求头例子
http://toutiao.io/r/3h107l,Hadoop 年度回顾与 2016 发展趋势
http://toutiao.io/r/g57e4a,[译] 这一年，Docker 在安全性上做了哪些努力？进展如何？
http://toutiao.io/r/olf5mh,[译] Y Combinator 创业终极指南：超强执行力练成秘籍
http://toutiao.io/r/4k0zla,MySQL 高可用方案漫谈（一）
http://toutiao.io/r/11mdtq,数据库的读现象浅析
http://toutiao.io/r/9rkg2n,QueryList - 一个基于 phpQuery 的 PHP 通用列表采集类
http://toutiao.io/r/27deip,如何应对并发（五）：关键的关键，是认识负载
http://toutiao.io/r/zehxgn,两岸开源社群面面观
http://toutiao.io/r/804blf,PHP 7 安装使用体验，升级 PHP 要谨慎
http://toutiao.io/r/jpowuw,移动 Web 六大设计心法
http://toutiao.io/r/k8kqrf,[译] iOS 中的依赖注入
http://toutiao.io/r/bo7ryv,StarWars.Android：Star Wars 的裂碎效果
http://toutiao.io/r/jhoeth,Memcache 和 Redis 的连接池 connection_pool 使用
http://toutiao.io/r/kmlnw5,[英] Ruby 2015 回顾
http://toutiao.io/r/dhaghq,Unity GUI Content Size Fitter 会导致 RectTransform 更新不及时
http://toutiao.io/r/wsv85x,React Motion 缓动函数剖析
http://toutiao.io/r/4fu3dd,[译] 必须要澄清的人工智能四大误解
http://toutiao.io/r/fyttjj,每周练习：NSOperation 实现多线程（Swift）
http://toutiao.io/r/g41fd5,OS.js: JavaScript Cloud/Web Desktop Platform
http://toutiao.io/r/vuppae,[译] Core Data 线程大揭秘
http://toutiao.io/r/65lm1u,Android 开发者必备的书单
http://toutiao.io/r/4wg7f9,网络知识拾遗
http://toutiao.io/r/pwmo9q,你该怎么选 Offer
http://toutiao.io/r/zrfbps,基于微服务的软件架构模式
http://toutiao.io/r/bbrlov,高性能网络 I/O 入门（一）
http://toutiao.io/r/k4t3fs,理解 CacheLine 与写出更好的 Java
http://toutiao.io/r/4mcf3t,[译] 知名 Hash 密码猜测工具 Hashcat 开源
http://toutiao.io/r/3mecup,关于分布式事务、两阶段提交协议、三阶提交协议
http://toutiao.io/r/m5m0hl,GitHub Dark：给你的 GitHub 换个主题
http://toutiao.io/r/ce711i,M4 说 C 要有闭包，C 就有了闭包！
http://toutiao.io/r/jfefky,从 Google 工程师到创业 CTO，我想和你分享的八件事
http://toutiao.io/r/9f71rv,Android Application Architecture
http://toutiao.io/r/dltvnt,[译] Redis 持久化
http://toutiao.io/r/tz3fjf,Firefox：曾经打破黑暗的产品
http://toutiao.io/r/0ar1qa,利用 Celery 构建 Web 服务的后台任务调度模块
http://toutiao.io/r/e2d0hk,HBase 优化实战
http://toutiao.io/r/4gz8rg,网页解谜开发框架（PHP）
http://toutiao.io/r/gmnwhj,关于 Python 的 decorator 和 descriptor
http://toutiao.io/r/7dagj6,overscroll-decor - 一个 iOS 风格的边缘滚动效果，支持几乎所有滚动视图
http://toutiao.io/r/3d8wox,Spark Streaming 源码解析系列
http://toutiao.io/r/u1aqnl,Docker 周报（第 56 期）
http://toutiao.io/r/lt2r4z,[译] 如何实现 iOS 图书动画（二）
http://toutiao.io/r/dvj0aw,Future 接口介绍
http://toutiao.io/r/sgeckg,[译] 用 TVML 开发 tvOS 应用教程
http://toutiao.io/r/u5216f,MTTVPlayer: simple implement an AV Player & my workmates Animation
http://toutiao.io/r/ezrlfm,Writing a Lexer and Parser in Go - Part 1
http://toutiao.io/r/84d50s,USB 2.0 进化 3.0，传文件能快十倍
http://toutiao.io/r/z2mj83,Ratpack: Lean & powerful HTTP apps for the JVM
http://toutiao.io/r/rrvaus,创业公司如何走高性能服务端优化之路
http://toutiao.io/r/d7op54,程序员是否有必要读研究生
http://toutiao.io/r/do8b9a,Android 开发必备知识：我和 Gradle 有个约会
http://toutiao.io/r/k1226p,Eclipse 的 Debug 介绍与技巧
http://toutiao.io/r/e3uzz0,[译] 伟大程序员的十个特质
http://toutiao.io/r/10qwcl,[译] Docker 在 Uber 服务部署中的应用
http://toutiao.io/r/9ssgmh,[译] Android 性能优化总结
http://toutiao.io/r/2v04ig,《Android 开发艺术探索》读书笔记
http://toutiao.io/r/muvmq1,近期编程反思
http://toutiao.io/r/g2dd22,[译] 开启你的动画
http://toutiao.io/r/1gu2vo,玩转 React 服务器端渲染
http://toutiao.io/r/wm8ax8,Java 工程师如何在 Docker 上进行开发
http://toutiao.io/r/5pkjlr,ZooKeeper 分布式锁的实现
http://toutiao.io/r/wmuu8a,[译] 一篇给小白看的 JavaScript 引擎指南
http://toutiao.io/r/7i4z9s,Java 中坑爹的 getter、setter 方法的潜规则
http://toutiao.io/r/zzak51,qnlang - The qiniu (qn) language
http://toutiao.io/r/1aigiw,微服务架构云端应用
http://toutiao.io/r/0pfx5m,阿里集团招聘总监求职方法论
http://toutiao.io/r/vh6p9t,AngularJS 风格指南
http://toutiao.io/r/8a50ox,读懂 ECMAScript 规格
http://toutiao.io/r/mgaj3q,clib – C Package Manager-ish
http://toutiao.io/r/28mdn4,iOS 开发总结之代码规范
http://toutiao.io/r/t3yywu,谈谈闭包：以 Swift 为例
http://toutiao.io/r/grxphx,[译] Rails 微服务架构
http://toutiao.io/r/b63n2v,每周练习：Swift 日期处理
http://toutiao.io/r/0lxoqi,Plains-Gate：“扁平化”你的知乎
http://toutiao.io/r/2pegjz,Dockerizing the Spring Boot
http://toutiao.io/r/s2q9ea,新版 GitHub 快捷键列表
http://toutiao.io/r/hvy7e5,如何制定外部评价整改计划？
http://toutiao.io/r/s65cak,IBM Swift Sandbox
http://toutiao.io/r/90hcj9,Installing RHEL 7 or CentOS 7 on older HP RAID controllers
http://toutiao.io/r/x0j7gs,面向对象语言的编译器优化实践：devirtualization
http://toutiao.io/r/bnm6iu,[译] 斐波那契数列型：从数学角度学习 Swift 序列
http://toutiao.io/r/mb3x4e,关于启用 HTTPS 的一些经验分享
http://toutiao.io/r/vc1ui1,京东咚咚架构演进
http://toutiao.io/r/9g84ym,Swift 正式开源
http://toutiao.io/r/90r3tr,前端路上的旅行
http://toutiao.io/r/x7wp9g,移动 APP 整体策划
http://toutiao.io/r/boebs3,RPC 是什么
http://toutiao.io/r/gt8iqw,面向鲁棒性的系统设计
http://toutiao.io/r/zhu4f1,[PDF] Nginx + Lua 阿⾥实战经验谈
http://toutiao.io/r/xzitj9,Oh My Zsh 插件篇：实用工具
http://toutiao.io/r/5emipj,Emacs - the Best Python Editor?
http://toutiao.io/r/6c8l7m,Be Professional：项目规范之道
http://toutiao.io/r/y5963j,Atom 开箱指南
http://toutiao.io/r/st5xgx,PHP 7 正式发布
http://toutiao.io/r/n1i8jx,JVM 常见配置与调优
http://toutiao.io/r/68qz7i,Linux 写时复制原理
http://toutiao.io/r/95lqy5,领域驱动设计参考架构详解
http://toutiao.io/r/wpakn5,我知道的豌豆荚一览
http://toutiao.io/r/ap856c,小米抢购限流峰值系统“大秒”架构解密
http://toutiao.io/r/t7trj8,分布式系统的一致性探究
http://toutiao.io/r/mph0lv,fir.im Weekly - 进击的 Swift
http://toutiao.io/r/vj6tfy,[英] 一些 HTML、CSS 和 JS 最佳实践
http://toutiao.io/r/pfc1nv,大数据哪个方向有前途
http://toutiao.io/r/hdh108,对抽象类与接口的一点思考
http://toutiao.io/r/07fuo7,[译] ProGuard 选项（Android）
http://toutiao.io/r/psavaw,[译] 诊断 Java 中的内存泄露
http://toutiao.io/r/d6ofu5,刨根问底 Objective-C Runtime（一）：Self & Super（2014）
http://toutiao.io/r/imyzff,[译] 开发你自己的 Android 授权管理器
http://toutiao.io/r/q3bem8,《Netty 实战（精髓）》
http://toutiao.io/r/1q3b3i,[译] 十二月设计圈干货素材大合集
http://toutiao.io/r/zb0jkm,Swift 中 String 的常用操作总结
http://toutiao.io/r/23lbn2,[译] 从一到五：一个 Mac OS X 应用从概念到上线的全过程
http://toutiao.io/r/woccvk,[译] Swift 3 API 设计准则
http://toutiao.io/r/t500p6,Xcode 插件：MMNavigatorFont
http://toutiao.io/r/671r9j,PHP 7 正式发布，鸟哥给的一些高性能小提示
http://toutiao.io/r/u1drvf,Android 图片选择器
http://toutiao.io/r/etu67g,[PDF] Tools for working with Go Code
http://toutiao.io/r/x25t30,[译] 深度学习框架 MXNet 设计和实现简介
http://toutiao.io/r/rtpwrw,Std UI Kit 0.1 版本发布
http://toutiao.io/r/b1kxyy,IE 安全系列之 IE 中的 ActiveX（二）
http://toutiao.io/r/ot312l,为豆瓣电影实现 Item-based 协同过滤的推荐系统
http://toutiao.io/r/o5zouw,Canvas Animation
http://toutiao.io/r/zqu5ig,基于 Docker 的 MySQL MHA 的集群环境构建实践
http://toutiao.io/r/naimqg,豆瓣 CODE 开源了
http://toutiao.io/r/kurxqw,[译] Linux 概念架构的理解
http://toutiao.io/r/5vj9sm,如何给软件开发项目估价？
http://toutiao.io/r/t2r28d,FKB：Web 前端知识库
http://toutiao.io/r/a2wt3g,假如你想成为全栈工程师
http://toutiao.io/r/iiq600,代码合并：Merge 还是 Rebase
http://toutiao.io/r/b83fwi,Go 圣经中文读书笔记
http://toutiao.io/r/vxavg5,H5 动效的常见制作手法
http://toutiao.io/r/nfc7zs,如何优雅地使用 C 语言编写爬虫
http://toutiao.io/r/t14bbr,[译] 29 个前端工程师和设计师必备的 Chrome 插件
http://toutiao.io/r/hejo46,Android 处理崩溃的一些实践
http://toutiao.io/r/5hyr0x,[译] 如何架构一个 React 项目？
http://toutiao.io/r/gl6cfy,[译] 10 个强大的 DevOps 基础设施自动化工具
http://toutiao.io/r/82lm80,用了很多年的 QQ 小黄脸表情要换了，新版是我设计的
http://toutiao.io/r/66n2do,[英] 每个 Android 开发者都应该读的 Android Studio Tips
http://toutiao.io/r/zn4sdh,Swift 开源那点事
http://toutiao.io/r/iqy4ds,[译] Linux 性能分析的前 60000 毫秒
http://toutiao.io/r/ed9ady,手机淘宝 521 性能优化项目揭秘
http://toutiao.io/r/w4l4li,让 Alfred 支持拼音搜索
http://toutiao.io/r/ngsbul,从此不再担心键盘遮住输入框 OC（二）
http://toutiao.io/r/624b6a,Storm 适配器（.Net）升级说明以及一些性能数据
http://toutiao.io/r/hwafiz,[译] 大数据工具比较：R 语言和 Spark 谁更胜一筹？
http://toutiao.io/r/j8w8zq,手机百度 localstorage 细粒度缓存介绍
http://toutiao.io/r/k5pdgh,[译] iOS 9 人机界面指南（三）：iOS 技术（上）
http://toutiao.io/r/j9eals,Objective-C 引用计数原理
http://toutiao.io/r/u93xq1,Effective OkHttp
http://toutiao.io/r/qowx42,美团 O2O 排序解决方案：线下篇
http://toutiao.io/r/nhc09w,语义化版本 2.0.0
http://toutiao.io/r/6ztkiu,[译] 几个 Swift 代码规范
http://toutiao.io/r/i4mbkc,[译] 软件估算的五大定律
http://toutiao.io/r/dbttyn,[译] 学习 CocoaPods：Swift、框架以及模块
http://toutiao.io/r/eqh9q3,互联网时代的社会语言学：基于 SNS 的文本数据挖掘（2012）
http://toutiao.io/r/z26nuk,Math.random() 二三事
http://toutiao.io/r/t4bur8,Structor - a user interface builder for React
http://toutiao.io/r/4t6dv4,GameBox Cloud Core：基于 Lua 的游戏服务器框架
http://toutiao.io/r/l7x77o,Gogs v0.7.33 发布，极易搭建的自助 Git 托管服务
http://toutiao.io/r/7jc6mm,基于 JSPatch 的 iOS 应用线上 Bug 即时修复方案
http://toutiao.io/r/u993og,Let：AOP 风格的 Android runtime permission 库
http://toutiao.io/r/jbp5k2,[译] Kubernetes-Mesos v0.7 发布
http://toutiao.io/r/g9jwqj,Can we use Git hook to reject non-compliant commit?
http://toutiao.io/r/2qp59c,[译] 人人都应该懂点 TCP
http://toutiao.io/r/qa35i1,Git log 高级用法
http://toutiao.io/r/usguj3,常用 Git 命令清单
http://toutiao.io/r/4yopm8,树、二叉树和二叉搜索树（2013）
http://toutiao.io/r/vyb2y3,[译] 前端性能优化：资源预加载
http://toutiao.io/r/7152xi,接口编程那些事
http://toutiao.io/r/i4b12v,[译] 一个歪果仁 CTO 在中关村科技园的创业历程
http://toutiao.io/r/pzprpp,懒人必备的移动端定宽网页适配方案
http://toutiao.io/r/4makdb,[PDF] 分布式系统原理介绍（2012）
http://toutiao.io/r/781831,[译] 厌倦了 NullPointException？Optional 拯救你！
http://toutiao.io/r/v3gj49,优雅地解决 cell 自适应高度
http://toutiao.io/r/0l3ufc,揭秘高效协作工具背后的技术架构
http://toutiao.io/r/qop4kv,[译] 如何完成自己的业余项目？
http://toutiao.io/r/4utoga,深度分析 Java 的枚举类型：枚举的线程安全性及序列化问题
http://toutiao.io/r/xz53ye,扁平化设计的 8 个实用小技巧
http://toutiao.io/r/g82g5h,为什么虚拟 DOM 更胜一筹
http://toutiao.io/r/hlglp7,是时候开始招募移动架构师了
http://toutiao.io/r/q217i3,canvas-nest - 一个非常赞的网页背景效果
http://toutiao.io/r/skeael,大数据去重统计之 BloomFilter
http://toutiao.io/r/k6wbmg,iDB：数据库自动化运维平台
http://toutiao.io/r/8qn9ar,如何在 Swift 下调用 Aspects：将闭包封装成 AnyObject
http://toutiao.io/r/nf1c0f,H264 编码原理以及 I 帧 B 帧 P 帧
http://toutiao.io/r/jaivsy,Python 整数对象实现原理
http://toutiao.io/r/k5b2tr,NSQ 源码剖析之 NSQD
http://toutiao.io/r/5ugdcy,React Server Side Rendering 解决 SPA 应用的 SEO 问题
http://toutiao.io/r/mh6vd2,ChromeLikeSwipeLayout：Chrome 风格的滑动动画
http://toutiao.io/r/mkpdzu,[译] iOS：选择 Realm 而不是 CoreData
http://toutiao.io/r/svtoln,利用 Slack 和 Hubot 实现 Send 2 Kindle
http://toutiao.io/r/m8klci,《Principles of Program Analysis》补完计划
http://toutiao.io/r/q6ynzk,CleanAOP 实战系列：WPF 中 MVVM 自动更新
http://toutiao.io/r/jiiueb,Golang custom transports and timeouts
http://toutiao.io/r/lhah5i,Introduction to Open Source Swift on Linux
http://toutiao.io/r/la109v,性能优化模式
http://toutiao.io/r/3rpa90,不懂程序看得明白《黑客帝国》吗？
http://toutiao.io/r/ssyeoy,一周 IT 技术干货（码农周刊第 98 期）
http://toutiao.io/r/ohj2hs,大型网站架构演化历程
http://toutiao.io/r/dajtx4,使用 GitBook 写文档（2014）
http://toutiao.io/r/d50ct8,Git 钩子：自定义你的工作流
http://toutiao.io/r/3st7ue,iOS 中利用 CADisplayLink 以及贝塞尔曲线实现滴水效果
http://toutiao.io/r/0fke3l,Git 超级简明手册
http://toutiao.io/r/559qnv,Android 快速开发框架 Ultimate
http://toutiao.io/r/lin4ko,我新建 Android 工程需要的开源项目
http://toutiao.io/r/m4rmew,Java 工程师成神之路
http://toutiao.io/r/9q52pf,小记 · 去 jQuery 项目
http://toutiao.io/r/r0gh5a,[译] 使用 Go 进行 iOS 和 Android 编程
http://toutiao.io/r/cfr6rh,Scaling to 100M: MySQL is a Better NoSQL
http://toutiao.io/r/lkglx3,玩转 Docker 镜像和镜像构建
http://toutiao.io/r/xu52s0,[译] 《React 官方文档》之 Forms
http://toutiao.io/r/wwul0v,[译] Python 程序员最常犯的十个错误
http://toutiao.io/r/aq1uw7,Hugo 静态网站生成不完全教程
http://toutiao.io/r/fcqnvf,使用 gulp 生成 sprites 图片和样式表
http://toutiao.io/r/hpks4b,[译] 机器学习的商业实战入门
http://toutiao.io/r/324imi,大型 Web 系统数据缓存设计
http://toutiao.io/r/svlgrs,个人常用 iOS 第三方库以及 XCode 插件介绍
http://toutiao.io/r/tcp74f,StringBuilder 在高性能场景下的正确用法
http://toutiao.io/r/6v4xt2,深入你不知道的 GitHub 主页
http://toutiao.io/r/7i6jpb,架构之路（六）：把框架拉出来
http://toutiao.io/r/v15bsy,Android 开发技术周报 Issue#59
http://toutiao.io/r/e5wnkh,结合个人经历总结的前端入门方法
http://toutiao.io/r/e3brdy,Restful API 的设计与实践
http://toutiao.io/r/vsn1ru,浅谈分布式计算的开发与实现（一）
http://toutiao.io/r/rf2khu,[译] 最好的 Python 机器学习库
http://toutiao.io/r/9hsmnw,Atom 使用教程
http://toutiao.io/r/yc4oh3,要做好推荐，只有技术是不够的
http://toutiao.io/r/ivnfoe,[译] 化零为整：Reduce 详解
http://toutiao.io/r/6nn045,Go 语言随机测试工具 go-fuzz
http://toutiao.io/r/eqwexp,从 BEM 谈大型项目中 CSS 的组织和管理
http://toutiao.io/r/p86ymv,Node.js 单元测试之我要写测试
http://toutiao.io/r/b5is70,NASA 开放 API
http://toutiao.io/r/jhczav,代码回滚：Reset、Checkout、Revert 的选择
http://toutiao.io/r/ysjb0x,又拍网数据库架构案例分析
http://toutiao.io/r/a35zt0,Webpack 傻瓜指南（二）：开发和部署技巧
http://toutiao.io/r/w9z6p0,ElasticSearch 工作原理、查询及常用插件
http://toutiao.io/r/lyeiu4,Android JNI 编程：JNI 基础
http://toutiao.io/r/iaufl8,[Slide] JavaScript 模块化七日谈
http://toutiao.io/r/hhuaw8,Tomcat 8 权威指南
http://toutiao.io/r/rryifd,如何利用 mitmproxy 来批量修改 Android 中 HTTP 流量
http://toutiao.io/r/jsabef,缓存文件可以放在哪里？它们各自的特点是什么？
http://toutiao.io/r/7fjtn7,MySQL 的 SSL 加密连接与性能开销
http://toutiao.io/r/c55oym,你的布局设定方法靠谱吗？
http://toutiao.io/r/ag9nni,Space + onTouchEvent = Hitarea：像 Flash 那样在 Android 中扩大点击区域
http://toutiao.io/r/vwz1ls,通过辅助工具进行 Android Toast 文本检查的方法
http://toutiao.io/r/lk4n7c,[译] 学习 Groovy 的特性
http://toutiao.io/r/fr39ye,[译] 变量在 PHP 7 内部的实现（一）
http://toutiao.io/r/ag2hyv,Swift 2.0 中的 String（六）：正则匹配
http://toutiao.io/r/yugtkw,聊聊 Statsd 和 Collectd 那点事
http://toutiao.io/r/8snz6f,Windows Live Writer 开源并推出 Open Live Writer 分支
http://toutiao.io/r/s6o1yv,Sample Application for The Android Architecture Talk @ Android Dev Summit 2015
http://toutiao.io/r/fgkszv,[译] 新 WordPress.com 背后的故事
http://toutiao.io/r/ndu9ml,一步步搭建自己的 iOS 网络请求库（四）：解耦处理
http://toutiao.io/r/7ku2vw,KKBOX iOS/Mac OS X 基本开发教材
http://toutiao.io/r/4l7sev,ReactiveX 框架（基于 RxJava）实现原理浅析
http://toutiao.io/r/gtukuh,RxBlur：用 RxJava 处理和操作高斯模糊效果
http://toutiao.io/r/6re1lz,iOS 9 横竖屏设置的处理方法和实例讲解
http://toutiao.io/r/aidq8p,Android 关于 GridView 那些事
http://toutiao.io/r/dye18d,PM 周刊（第 8 期）
http://toutiao.io/r/gm93ok,[译] 产品经理需要会写代码吗？
http://toutiao.io/r/3cm0qw,[英] 一步步学 OpenGL
http://toutiao.io/r/rv8yus,模拟 background-size 样式开发整屏页面
http://toutiao.io/r/enw47q,以 express 的方式学习 koa
http://toutiao.io/r/ljpxl8,Android 6.0 系统学习之 Zygote
http://toutiao.io/r/g4uonh,XTZoomPicture：iOS 对查看图片详情的封装
http://toutiao.io/r/mxm06t,[视频] PHP 7 - New engine for good old train
http://toutiao.io/r/xfbmgh,ZeroDB：Python 实现的开源端对端加密数据库
http://toutiao.io/r/zgzy17,《米特吧大数据技术沙龙第一期》PPT 分享
http://toutiao.io/r/nj97rp,对数步数求出斐波那契数的算法
http://toutiao.io/r/1s14uc,The Twelve-Factor App（中文版）
http://toutiao.io/r/gi3yo1,Deep Lessons from Google and eBay on Building Ecosystems of Microservices
http://toutiao.io/r/grw5qj,脉冲耦合神经网络在图像量化中的应用
http://toutiao.io/r/2cpf5k,[译] 为 UWP 应用提供的 .NET 网络 API
http://toutiao.io/r/r7ljtm,与 Kindle 电子书相关的工具软件
http://toutiao.io/r/jfxn0u,《科学》封面重磅论文：人工智能终于能像人类一样学习
http://toutiao.io/r/cpvvt8,Android Studio 项目应该提交哪些文件到 GitHub 上
http://toutiao.io/r/vkt39a,[译] 2015 年 50+ CSS 工具、框架、库合集（27 - 54）
http://toutiao.io/r/g0na1v,HTTP/2 十分钟速知
http://toutiao.io/r/mfd2o1,简聊初步尝试服务端渲染的一些感想
http://toutiao.io/r/utumho,Redis 持久化和常见故障
http://toutiao.io/r/g5agix,Material Design in Action：丁香医生 Android 客户端
http://toutiao.io/r/zc57iy,手机百度移动适配切图解决方案介绍
http://toutiao.io/r/40ibaz,iOS 处理图片的一些小 Tip
http://toutiao.io/r/qqwlmi,qnlang - The qiniu (qn) language（更新）
http://toutiao.io/r/khof2v,透析硬链接和软链接的区别
http://toutiao.io/r/9nt73r,Python 单元测试和 Mock 测试
http://toutiao.io/r/u2x6bz,使用 Picasso 加载图片的内存优化实践
http://toutiao.io/r/lo4dgi,动态 Android 编程
http://toutiao.io/r/y3sqsd,PHP-FIG 制定的 PHP 编码规范（GitBook 在线版）
http://toutiao.io/r/qsk7vs,Using Emacs org-mode for GTD
http://toutiao.io/r/inzfi5,Spring Boot 的 starter 和自动配置
http://toutiao.io/r/8bgryt,Talking to OAuth2 Services With Node.js
http://toutiao.io/r/omx6wh,[译] Auto Layout 中的 VFL 使用教程
http://toutiao.io/r/kqyo8a,使用 UITextView 来对 Markdown 语法高亮
http://toutiao.io/r/5yreyd,MaterialKit - A beautiful Material Design framework in Swift
http://toutiao.io/r/qmvu6l,KNN 在手写识别中的应用（Java 实现）
http://toutiao.io/r/i3b474,再论移动无线应用专项
http://toutiao.io/r/4uuhyw,Spark 强大的函数扩展功能
http://toutiao.io/r/kxrso2,聊聊 iOS 人机界面指南中的三个关键词
http://toutiao.io/r/25ilik,马斯克联合发起非盈利性人工智能项目 OpenAI
http://toutiao.io/r/cwgmwr,iOS 隐式动画
http://toutiao.io/r/rnhawt,[PDF] 神经网络与深度学习讲义
http://toutiao.io/r/v3vp3u,MagicalRecord - 一个简化 CoreData 操作的工具库
http://toutiao.io/r/jz6b4h,浅谈 iOS 之 Crash log 符号化
http://toutiao.io/r/cerypu,关键业务系统的 JVM 启动参数推荐
http://toutiao.io/r/ieid29,[译] 2015 年 50+ CSS 工具、框架、库合集（1 - 26）
http://toutiao.io/r/nbtr2i,一些有用的 NGINX 配置
http://toutiao.io/r/eb4qxz,论客户端埋点
http://toutiao.io/r/y4ni58,Google Java 编程风格指南
http://toutiao.io/r/jk1z87,H5 缓存机制浅析
http://toutiao.io/r/kgtg7j,扒一扒知乎上的帖子：“为什么有些大公司技术弱爆了？”
http://toutiao.io/r/6rt3xs,15 个必知的 Android 开发者选项
http://toutiao.io/r/siyabs,移动 Web 资源整理
http://toutiao.io/r/f1pw3o,Android Studio 你不知道的快捷键（一）
http://toutiao.io/r/m010ae,[译] 94 个 iOS 开发资源推荐
http://toutiao.io/r/nzgmx5,八大持续集成工具
http://toutiao.io/r/ksmrhj,常用前端开发资源列表
http://toutiao.io/r/5w918u,Android 开发者网址导航（2014）
http://toutiao.io/r/fxyjcb,谈谈项目的重构与测试
http://toutiao.io/r/a4bx1r,消息总线之模型重构
http://toutiao.io/r/cxq9fy,基于 Spark 的机器学习经验
http://toutiao.io/r/wt6til,Python 字符串实现原理
http://toutiao.io/r/4myod4,Git 提交引用和引用日志
http://toutiao.io/r/gdodsz,运行在 Linux 平台的开源 Swift
http://toutiao.io/r/1bzb42,iOS 中利用 UIKit Dynamic 与贝塞尔曲线实现 Q 弹下拉刷新
http://toutiao.io/r/5vza1e,谈谈 iOS 的回调
http://toutiao.io/r/jw7poh,fir.im Weekly - 94 个 iOS 开发资源推荐
http://toutiao.io/r/n8tqfj,YYCache 设计思路
http://toutiao.io/r/4cy6sm,谈谈 react-router
http://toutiao.io/r/25gf6v,[译] Alamofire 网络库基础教程
http://toutiao.io/r/9oe0q9,浅入 React 再次
http://toutiao.io/r/kuy75m,信息安全实验 RC4 和 MD5 加密
http://toutiao.io/r/rw7tc4,React Native Mac 配置指南
http://toutiao.io/r/tka77q,Bara：基于 Nginx 和 Docker 的单机灰度测试环境原型
http://toutiao.io/r/elcvwy,深入理解 PHP 7 之 zval
http://toutiao.io/r/22xf9z,Nodejs 下的 ES6 兼容性与性能分析
http://toutiao.io/r/m4rea5,Facebook 是怎么处理垃圾信息的？
http://toutiao.io/r/gw20bp,[译] 效果超乎解释的随机森林方法
http://toutiao.io/r/w6zlch,[译] OCI 确定组织架构并宣布新成员加入
http://toutiao.io/r/jg0xx5,Ashmem 对 Android 内存分配与共享的增强
http://toutiao.io/r/pmq753,Swift 2 throws 全解析：从原理到实践
http://toutiao.io/r/oko9pc,简 Tab：极简的 Chrome 新标签页扩展
http://toutiao.io/r/q4rg1a,cm.logger：小巧的移动端 JavaScript 错误捕获日志打印
http://toutiao.io/r/rgu488,[译] Facebook 开源 AI 所使用的硬件平台 'Big Sur'
http://toutiao.io/r/kx2dj5,[译] UIAlertController 测试的修正
http://toutiao.io/r/rvmyhp,显著提升程序员身心健康和工作效率的装备有哪些？
http://toutiao.io/r/25iyra,作为一个前端，可以如何机智地弄坏一台电脑？
http://toutiao.io/r/pghyvj,《Web 全栈工程师的自我修养》读书笔记
http://toutiao.io/r/vil7vr,使用 Sublime + PlantUML 高效地画图
http://toutiao.io/r/djyal9,高并发简单解决方案：Redis 缓存队列 + MySQL 批量入库 + PHP 离线整合
http://toutiao.io/r/kwty66,深度分析 Java 的 ClassLoader 机制（源码级别）
http://toutiao.io/r/18c5qj,Pull Request、Wiki 和全新界面的 Gogs
http://toutiao.io/r/ma2per,[译] Android 中正确保存 view 的状态
http://toutiao.io/r/1lg6jf,top-topic-Zhihu：知乎每日最热话题
http://toutiao.io/r/3topsy,iOS Layout 技术回顾及 Masonry 介绍
http://toutiao.io/r/mnl26x,一个 Swift 实现的高仿最美应用
http://toutiao.io/r/15kppn,说说 Android 的 MVP 模式
http://toutiao.io/r/qe12ge,理解 Laravel 中的 pipeline
http://toutiao.io/r/c28jie,《Android 源码设计模式解析》读书笔记
http://toutiao.io/r/ur5rfn,让我们来谈谈分工
http://toutiao.io/r/fi5wfv,[译] Zookeeper 操作指南
http://toutiao.io/r/165hd7,Android 中 SQLite 性能优化
http://toutiao.io/r/bh52qz,函数式非凡的抽象能力
http://toutiao.io/r/mmpn1p,网站开发动静分离实践
http://toutiao.io/r/y4ir1a,Pybind11 – Seamless operability between C++11 and Python
http://toutiao.io/r/1ds6s5,一年一度的维基百科捐款广告又来了，你会捐吗？
http://toutiao.io/r/1dfomz,[译] PHP 7 已经发布，你会选择 PHP 7 吗？
http://toutiao.io/r/pai50s,[译] 创建自注册的 Swift UI 控件
http://toutiao.io/r/qra1mp,[PDF] Broken Performance Tools
http://toutiao.io/r/ezc594,[译] 容器、云和代码：Yelp 如何使用 Mesos 和 Docker 构建混合云？
http://toutiao.io/r/jyisfh,让这世界再多一份 GNU m4 教程（终结篇）
http://toutiao.io/r/q5ccyc,基于 Aliyun OSS 的 objects 展示页面
http://toutiao.io/r/g5e8km,[译] Modbus TCP 流量分析
http://toutiao.io/r/5260fi,Registry V2 时代安全依然要警惕
http://toutiao.io/r/1jxsyi,PostgreSQL 锁机制分析（二）
http://toutiao.io/r/i9dhcg,[译] UIKit: UIControl
http://toutiao.io/r/ea7svq,我凭什么要帮你
http://toutiao.io/r/d1slo8,来自 Google 的高可用架构理念与实践
http://toutiao.io/r/w11aqe,面试时，问哪些问题能试出一个 Android 应用开发者真正的水平？
http://toutiao.io/r/7yox7g,一个使用 Python + Flask + Redis + MySQL + Celery 实现的微信公众号后端
http://toutiao.io/r/9lc2me,[译] 作为一个程序员，进步完全取决自己
http://toutiao.io/r/rhnb2x,[译] 我推荐的一些 C/C++ 书籍
http://toutiao.io/r/7hjvsr,RESTful 架构风格概述
http://toutiao.io/r/mipvx6,IP 协议总结
http://toutiao.io/r/xfj43v,我眼里的架构师
http://toutiao.io/r/bl17pg,[译] Uber 究竟使用什么开发语言？
http://toutiao.io/r/yvzaw9,[译] 为什么移动 Web 应用程序很慢
http://toutiao.io/r/1jnmj8,Codelf：变量命名的神器
http://toutiao.io/r/edxn4a,[译] 开发安全的 Android 应用
http://toutiao.io/r/0qn54e,缓存无底洞问题解析
http://toutiao.io/r/toovbd,加密解密介绍
http://toutiao.io/r/9xqwkh,系列文章：HTTPS 上线一周年总结
http://toutiao.io/r/j9jc0i,Redis Cluster 初探（一）：集群搭建与扩容
http://toutiao.io/r/wjqf11,Scala 亮瞎 Java 的眼
http://toutiao.io/r/dej7e3,Java 命令学习系列（二）：Jstack
http://toutiao.io/r/jiadwu,Android 图片选择器（二）
http://toutiao.io/r/on4q80,Docker 周报（第 57 期）
http://toutiao.io/r/taux52,[译] AFNetworking 3.0 迁移指南
http://toutiao.io/r/kj0g4l,[译] 如何利用 Python 中的 @property 装饰器快速重构代码？
http://toutiao.io/r/mwwc1m,从西直门立交桥谈 IT 架构与重构
http://toutiao.io/r/tgr0qs,[译] Auto Layout 的最佳实践：止疼片
http://toutiao.io/r/itx88w,Objective-C 元编程实践：分类动态属性
http://toutiao.io/r/p1856n,EventBus 源码研读（上）
http://toutiao.io/r/j4fmkq,[译] Swift 的 NSDate 初学者指南
http://toutiao.io/r/ifox69,使用 LeanCloud 与 React Native 构建原生应用
http://toutiao.io/r/is67t0,Alamofire：优雅地处理 Swift 中的网络操作
http://toutiao.io/r/ih35zh,记一次 Web 服务器 lstat 系统调用严重故障分析
http://toutiao.io/r/ox1gd1,JustWeEngine：Android 轻量级游戏框架
http://toutiao.io/r/ohihcw,使用 Hive 读写 ElasticSearch 中的数据
http://toutiao.io/r/qqzxwb,OpenResty 反向代理的用法与技巧
http://toutiao.io/r/xfr69y,使用 Carthage 发布 Framework
http://toutiao.io/r/jp3760,不要把 ViewController 变成处理 tableView 的“垃圾桶”
http://toutiao.io/r/283p7b,每周练习：Swift 处理网络请求
http://toutiao.io/r/w22o2q,POP 介绍与使用实践（快速上手动画）
http://toutiao.io/r/4o7b2t,[英] 2015 年 JavaScript 开发者调查报告
http://toutiao.io/r/qenqd3,[译] Android 木马是如何盗取用户手机银行的？
http://toutiao.io/r/4y11qr,RxFile：文件访问以及管理的 RxJava 实现
http://toutiao.io/r/vhu8uf,一个程序员的 2015 年的学习总结
http://toutiao.io/r/v1w3r6,用 Docker 和 Git 搭建在线开发环境
http://toutiao.io/r/q4vho1,2015 程序人生大串烧
http://toutiao.io/r/pkj3ei,使用 Python 写一个小小的项目监控（2014）
http://toutiao.io/r/c3d3r8,猿题库 iOS 客户端架构设计
http://toutiao.io/r/bgoirl,[译] Hacker News 网站 50 篇最佳文章
http://toutiao.io/r/1tjmwz,《开发者头条》Chrome 分享插件（需梯子）
http://toutiao.io/r/fiv5ui,讲一讲 JavaScript DOM
http://toutiao.io/r/b9lfan,域模型的价值
http://toutiao.io/r/3xszbx,频繁变化的团队如何打造团队文化
http://toutiao.io/r/vb346v,美图秀秀 DBA 谈 MySQL 运维及优化
http://toutiao.io/r/b21ix6,[译] 国外程序员整理的系统管理员资源大全
http://toutiao.io/r/7zkza5,Android 内存泄漏终极解决篇（上）
http://toutiao.io/r/b3ubj7,最牛的开源机器学习框架，你知道几个
http://toutiao.io/r/w4n9x3,MySQL 5.7 新特性大全和未来展望
http://toutiao.io/r/cpvmov,《AngularJS 深度剖析与最佳实践》简介
http://toutiao.io/r/p6zskq,探究 Node.js 中的 drain 事件
http://toutiao.io/r/tyu1dm,[译] Android 开发生僻却实用的知识点（二）
http://toutiao.io/r/3hlagm,Spark 中的 rollup
http://toutiao.io/r/zs0cyv,配置 IntelliJ 做为 Go 的 IDE
http://toutiao.io/r/yxzq8d,PeriscopeLayout - 一个类似 Android Periscope 点赞效果的 Layout
http://toutiao.io/r/54u8nx,给创业码农的话：如何提升开发效率
http://toutiao.io/r/2j1379,[PDF] 《Python Cookbook》第三版（中文版）
http://toutiao.io/r/jbzl7y,淘宝数据产品技术架构分析
http://toutiao.io/r/amlwq6,2015 年做设计我最大的思考和收获
http://toutiao.io/r/q0l6ed,[译] Java 日志记录的 5 条规则
http://toutiao.io/r/01ngrt,巧用 SecureCRT 实现复杂的 ssh 登录过程自动化
http://toutiao.io/r/56fatk,[译] 前端绘制图形的几种方式
http://toutiao.io/r/m12930,[译] 在团队开发中使用 CocoaPods 的小技巧
http://toutiao.io/r/sdu53z,Jacman 基于 Pacman 修改的 Hexo 主题
http://toutiao.io/r/q4afay,Spark 动态资源分配
http://toutiao.io/r/ugemz0,不要用 AWS SDK 去造轮子
http://toutiao.io/r/gu1umd,如何在 Swift 中调用 C 库（入门篇）
http://toutiao.io/r/dy86hf,Android 移动平台中 NDEF 标签的扫描应用研究
http://toutiao.io/r/2uymsb,MASSCAN: Mass IP port scanner
http://toutiao.io/r/howzit,手把手教你 74 行代码实现手写数字识别
http://toutiao.io/r/3fk41e,如何设计你的 2016 年年度计划
http://toutiao.io/r/bman6p,境外 “暗黑客栈” 组织对国内企业高管发起 APT 攻击
http://toutiao.io/r/dc263h,iOS 实现 App 之间的内容分享
http://toutiao.io/r/st7p27,redux 源码阅读笔记
http://toutiao.io/r/jebwq0,[译] 为什么我为 css 变量如此兴奋
http://toutiao.io/r/0bf79y,"Modern application architectures (Reactive programming, MVVM and beyond)"
http://toutiao.io/r/wkn6cy,[译] 2016 年六大 OpenStack & Docker 发展趋势预测
http://toutiao.io/r/zfkrfz,[PDF] GlusterFS 分布式文件系统
http://toutiao.io/r/stfpp5,React Native 动画（多图）
http://toutiao.io/r/2pq5oq,[译] YC 掌门人论 “项目” 与 “公司” 的区别
http://toutiao.io/r/mrvfm5,Swift 中数据类型精度的一点探索
http://toutiao.io/r/c8267a,[译] 掌握 iOS 8 中的动态文本
http://toutiao.io/r/tljewl,GTA V 图形分析摘要
http://toutiao.io/r/kji6gg,Swift: Commonly Rejected Changes
http://toutiao.io/r/y24ycy,90 分钟极速入门 Linux
http://toutiao.io/r/dz6moo,JavaScript 核心基础
http://toutiao.io/r/kpk8an,27 岁的程序员应该怎么从发型、着装上提升自己？
http://toutiao.io/r/40ses9,初创团队如何招募靠谱的技术团队
http://toutiao.io/r/zsuac4,Android 动态加载技术系列索引
http://toutiao.io/r/9ewkex,另一份 Java 应用调优指南之前菜
http://toutiao.io/r/2v0rmo,图像验证码和大规模图像识别技术
http://toutiao.io/r/jhm06o,浅谈开源工具自动化运维阶段
http://toutiao.io/r/oela4s,章亦春的 OpenResty 和它的贡献者们
http://toutiao.io/r/y1bfwl,[译] 命令行的艺术
http://toutiao.io/r/p5q7du,Tomcat 源码深析之 web.xml 组件的处理
http://toutiao.io/r/3bgv4c,[译] 2016 年给大家的第一波设计圈干货大合集（多图）
http://toutiao.io/r/f2omr5,[译] 用树莓派和显示器制作一面 “魔镜”
http://toutiao.io/r/hc3de0,Understanding cPython by Patching – part 1
http://toutiao.io/r/mf2u49,[译] 回顾过去一年容器技术的发展
http://toutiao.io/r/iyukf2,NodeJieba：“结巴” 中文分词的 Node.js 版本
http://toutiao.io/r/25tw3n,Svpa：基于 Koajs 的开源字符头像服务
http://toutiao.io/r/s7hhrp,Hadoop 基准测试
http://toutiao.io/r/tvhfjs,TTGTagCollectionView：显示文字 / 自定义标签库（OC）
