shop_id,shop_name,good_summary,last_updated
22050812,山城一锅,"肉类不错(188),口味不错(475),食材不错(136),服务热情(290),环境不错(232),食材新鲜(80),牛肉不错(105),锅底不错(93)",2016-01-05 22:20:21
22037665,太和殿精致麻辣火锅(外滩店),"肉类不错(25),服务热情(28),食材不错(19),环境不错(28),口味不错(26),禽肉不错(14),食材新鲜(8),海鲜不错(10)",2016-01-05 22:20:30
21946728,红盔甲(斜土路店),"海鲜不错(863),肉类不错(268),口味不错(913),服务热情(309),羊肉不错(94),环境不错(179),烧烤不错(78),猪肉不错(71)",2016-01-05 22:20:34
21865211,小三宝火锅(静安店),"食材新鲜(315),食材不错(543),服务热情(1380),肉类不错(435),口味不错(1097),环境不错(654),牛肉不错(250),锅底不错(217)",2016-01-05 22:20:39
2186323,红辣椒(安信店),"海鲜不错(351),服务热情(2006),口味不错(1306),肉类不错(251),环境不错(513),性价比较高(292),食材不错(184),份量足(86)",2016-01-05 22:20:42
21792571,蜀城巷子老成都火锅,"肉类不错(128),饮品不错(117),口味不错(372),服务热情(183),环境不错(115),性价比较高(86),食材不错(80),牛肉不错(70)",2016-01-05 22:20:48
21761749,聚辣重庆麻辣火锅(虹口足球场店),"肉类不错(281),口味不错(922),服务热情(581),环境不错(430),食材不错(199),性价比较高(280),食材新鲜(106),牛肉不错(129)",2016-01-05 22:20:49
21760312,重庆熬家老火锅,"肉类不错(181),食材新鲜(80),食材不错(131),口味不错(378),服务热情(246),牛肉不错(92),环境不错(114),性价比较高(76)",2016-01-05 22:20:53
21734514,牦牛仔青海原生态火锅,"肉类不错(59),牛肉不错(38),口味不错(45),环境不错(40),羊肉不错(14),服务热情(27),牛肉嫩(8),份量足(7),性价比较高(10)",2016-01-05 22:20:56
21730061,青花椒砂锅鱼(三钢里店),"海鲜不错(1221),点心不错(320),口味不错(1777),服务热情(709),汤羹煲不错(206),环境不错(249),性价比较高(213),份量足(115)",2016-01-05 22:20:58
21721034,将军捞火锅,"肉类不错(53),服务热情(200),食材不错(51),食材新鲜(27),口味不错(172),环境不错(135),性价比较高(45),海鲜不错(29)",2016-01-05 22:21:02
21678163,铜炉湾·潮汕牛肉火锅(世博源店),"肉类不错(450),牛肉不错(355),牛肉嫩(82),口味不错(349),服务热情(207),环境不错(149),酱料不错(69),汤羹煲不错(59)",2016-01-05 22:21:06
21656942,林记五哥,"肉类不错(122),牛肉不错(89),口味不错(115),食材不错(32),服务热情(81),卤味好吃(28),环境不错(57),饮品不错(19)",2016-01-05 22:21:10
21647417,洞子张老匠火锅(徐家汇店),"肉类不错(132),服务热情(553),食材不错(97),口味不错(383),牛肉不错(63),食材新鲜(49),环境不错(121),性价比较高(82)",2016-01-05 22:21:14
21562060,陈记牛州潮汕牛肉火锅(板泉路店),"肉类不错(142),牛肉不错(125),牛肉嫩(29),牛肉新鲜(21),口味不错(90),服务热情(34),食材不错(17),饮品不错(12)",2016-01-05 22:21:17
21560884,鱼乐水产(五角场店),"海鲜不错(1147),食材新鲜(519),口味不错(1266),食材不错(726),服务热情(1091),环境不错(835),锅底不错(192),饮品不错(175)",2016-01-05 22:21:22
21560193,鑫海湾海鲜姿造,"食材新鲜(621),食材不错(849),海鲜不错(771),口味不错(514),环境不错(345),性价比较高(279),服务热情(319),菜品新鲜(54)",2016-01-05 22:21:28
21360579,煲宫(陆家浜路店),"肉类不错(107),汤羹煲不错(102),服务热情(239),猪肉不错(67),口味不错(223),禽肉不错(55),环境不错(66),性价比较高(30)",2016-01-05 22:21:29
21353585,逗鱼-非常鱼火锅(虹口足球场店),"海鲜不错(584),口味不错(689),肉类不错(246),牛肉不错(147),环境不错(506),食材不错(132),食材新鲜(74),服务热情(424)",2016-01-05 22:21:39
21353468,煲宫(打浦桥店),"肉类不错(222),汤羹煲不错(175),服务热情(589),口味不错(471),猪肉不错(160),禽肉不错(125),食材不错(84),环境不错(173)",2016-01-05 22:21:40
21351979,七欣天品蟹轩(浦东店),"海鲜不错(152),口味不错(238),服务热情(141),环境不错(79),性价比较高(38),肉类不错(26),牛肉不错(11)",2016-01-05 22:21:44
21303576,丽江印象斑鱼府(浦东店),"海鲜不错(811),食材新鲜(103),汤羹煲不错(189),口味不错(503),食材不错(168),服务热情(281),肉类不错(90),环境不错(171)",2016-01-05 22:21:48
21303001,蜀中探味,"食材新鲜(101),食材不错(174),服务热情(467),肉类不错(124),口味不错(356),环境不错(273),性价比较高(108),牛肉不错(74)",2016-01-05 22:21:50
21245919,季悦火锅(虹桥迎宾馆店),"食材不错(48),食材新鲜(29),服务热情(73),海鲜不错(34),环境不错(70),肉类不错(34),口味不错(42),牛肉不错(21)",2016-01-05 22:21:53
21178675,四川香天下火锅(淮海中路店),"肉类不错(179),口味不错(370),食材不错(121),食材新鲜(70),服务热情(232),环境不错(191),禽肉不错(66),性价比较高(67)",2016-01-05 22:21:57
21120347,风景菜韩国烤肉名家(静安寺店),"肉类不错(147),服务热情(325),口味不错(271),烧烤不错(58),猪肉不错(55),环境不错(55),点心不错(31),牛肉不错(27)",2016-01-05 22:22:01
21110762,融诚之  川东大院(中远两湾城店),"肉类不错(89),口味不错(243),牛肉不错(61),食材新鲜(36),环境不错(128),食材不错(59),服务热情(114),锅底不错(45)",2016-01-05 22:22:05
21097134,湖公馆,"食材新鲜(19),食材不错(24),菜品新鲜(3),服务热情(23),海鲜不错(10),环境不错(18),环境优雅(4),口味不错(14)",2016-01-05 22:22:28
21044342,牛牛火锅HolyCow 潮汕特色火锅(小木桥路店),"肉类不错(287),牛肉不错(241),牛肉新鲜(46),口味不错(227),牛肉嫩(45),服务热情(186),食材不错(56),环境不错(99),食材新鲜(33)",2016-01-05 22:24:37
21044246,洪太极(烤羊蝎子专门店),"肉类不错(629),羊肉不错(560),烧烤不错(217),口味不错(547),服务热情(234),羊肉嫩(53),性价比较高(92),份量足(38),环境不错(94)",2016-01-05 22:25:00
21043394,捞牛,"肉类不错(256),牛肉不错(214),口味不错(263),牛肉新鲜(50),服务热情(146),环境不错(94),食材不错(48),牛肉嫩(34),菜品新鲜(21)",2016-01-05 22:26:15
20926167,红辣椒(徐家汇店),"海鲜不错(530),服务热情(2658),口味不错(1503),肉类不错(262),性价比较高(297),食材不错(235),环境不错(415),份量足(123)",2016-01-05 22:26:27
20916623,重庆高老九火锅(南京东路店),"肉类不错(271),食材新鲜(138),口味不错(863),食材不错(237),服务热情(699),环境不错(299),海鲜不错(125),性价比较高(125)",2016-01-05 22:26:31
20843382,重庆高老九火锅(打浦桥店),"食材新鲜(134),肉类不错(217),口味不错(695),食材不错(214),服务热情(445),环境不错(227),性价比较高(147),海鲜不错(107)",2016-01-05 22:26:44
20841177,锅德城市火锅(静安晶品店),"食材新鲜(151),食材不错(265),服务热情(372),肉类不错(199),口味不错(370),环境不错(309),海鲜不错(117),牛肉不错(109)",2016-01-05 22:26:52
20780013,焱格格素食料理火锅,"口味不错(244),菌菇不错(75),服务热情(149),食材不错(72),环境不错(135),汤羹煲不错(64),锅底不错(61),点心不错(40)",2016-01-05 22:26:57
20651070,热辣壹号(淮海中路百盛店),"肉类不错(240),口味不错(634),食材新鲜(114),服务热情(533),食材不错(208),环境不错(294),牛肉不错(150),锅底不错(91)",2016-01-05 22:27:00
2014165,海底捞火锅店(吴中路店),"服务热情(3403),肉类不错(554),口味不错(1699),环境不错(969),食材不错(379),海鲜不错(359),主食不错(371),面不错(339),牛肉不错(334)",2016-01-05 22:27:04
19821464,小辉哥火锅(金桥国际店),"食材不错(240),食材新鲜(166),口味不错(465),服务热情(265),肉类不错(176),环境不错(224),牛肉不错(113),海鲜不错(93)",2016-01-05 22:27:13
19651391,蜀公馆成都老火锅(五角场万达店),"肉类不错(189),服务热情(854),食材不错(164),口味不错(660),环境不错(283),性价比较高(157),食材新鲜(82),牛肉不错(95)",2016-01-05 22:27:15
19643403,大队长主题火锅(上海徐汇店),"肉类不错(324),食材新鲜(140),服务热情(1023),食材不错(266),口味不错(908),环境不错(512),牛肉不错(119),性价比较高(109)",2016-01-05 22:27:19
19635046,Mo-Mo牧场(天山牧场),"肉类不错(819),点心不错(374),服务热情(1242),牛肉不错(346),口味不错(731),食材不错(221),环境不错(367),菜品新鲜(113)",2016-01-05 22:27:22
19623998,爽辣重庆潮人火锅(中山公园店),"肉类不错(226),服务热情(769),口味不错(754),食材不错(170),环境不错(252),性价比较高(179),锅底不错(111),海鲜不错(104)",2016-01-05 22:27:25
19612173,哥老官重庆美蛙鱼头(人民广场二哥店),"牛蛙嫩(739),牛蛙不错(2108),肉类不错(435),口味不错(1505),服务热情(1087),海鲜不错(324),环境不错(411),锅底不错(231),汤羹煲不错(203)",2016-01-05 22:27:28
19369909,周渝食惦 酸菜鱼(徐家汇店),"海鲜不错(1513),口味不错(1325),服务热情(676),性价比较高(312),肉类不错(162),环境不错(429),汤羹煲不错(147),份量足(108)",2016-01-05 22:27:32
19357151,这一锅,"食材新鲜(121),食材不错(217),环境不错(449),肉类不错(174),服务热情(370),口味不错(329),海鲜不错(70),牛肉不错(62)",2016-01-05 22:27:35
19348382,高兴一锅 石斑鱼火锅,"海鲜不错(304),食材新鲜(204),食材不错(247),肉类不错(55),口味不错(220),服务热情(204),性价比较高(38),环境不错(42)",2016-01-05 22:27:39
19281854,星米年糕火锅(上海正大广场店),"口味不错(700),服务热情(221),性价比较高(180),点心不错(141),套餐不错(75),海鲜不错(73),环境不错(102),肉类不错(65)",2016-01-05 22:27:44
19146584,百岁•我家酸菜鱼(中环百联梅川店),"海鲜不错(1087),口味不错(1275),性价比较高(293),服务热情(385),环境不错(198),汤羹煲不错(100),份量足(43),点心不错(81)",2016-01-05 22:27:49
19132364,蜀锦川,"食材新鲜(95),肉类不错(154),口味不错(400),食材不错(144),服务热情(267),环境不错(181),牛肉不错(79),锅底不错(55)",2016-01-05 22:27:53
19116091,融诚之  川东大院(大华路店),"食材新鲜(70),口味不错(509),食材不错(125),服务热情(278),性价比较高(136),肉类不错(104),环境不错(237),牛肉不错(64)",2016-01-05 22:27:54
18614598,小辉哥火锅(新世界店),"食材新鲜(187),食材不错(281),口味不错(634),肉类不错(257),服务热情(495),环境不错(287),牛肉不错(159),海鲜不错(115)",2016-01-05 22:27:58
18526259,老十七火锅,"食材新鲜(120),肉类不错(219),服务热情(423),食材不错(190),口味不错(380),环境不错(261),牛肉不错(100),锅底不错(87)",2016-01-05 22:28:01
18526090,八道湾热气羊肉/羊蝎子火锅(三钢里店),"肉类不错(507),羊肉不错(449),口味不错(687),服务热情(470),份量足(70),环境不错(202),性价比较高(74),烧烤不错(70)",2016-01-05 22:28:05
18489851,海底捞火锅店(南京东路店),"食材不错(105),服务热情(649),口味不错(267),肉类不错(80),食材新鲜(54),环境不错(149),海鲜不错(62),锅底不错(50)",2016-01-05 22:28:10
18480600,潮鑫牛肉火锅(双桥路店),"牛肉嫩(88),肉类不错(459),牛肉不错(406),牛肉新鲜(66),口味不错(285),服务热情(63),食材不错(43),性价比较高(47)",2016-01-05 22:28:14
18396978,九牛二炉(中兴店),"肉类不错(817),牛肉不错(645),牛肉嫩(109),牛肉新鲜(105),酱料不错(130),口味不错(600),服务热情(236),汤羹煲不错(104)",2016-01-05 22:28:18
18280273,辛元潮汕牛肉火锅(赤峰路店),"肉类不错(300),牛肉新鲜(64),牛肉不错(222),口味不错(253),食材不错(45),环境不错(127),肉类新鲜(26),服务热情(114)",2016-01-05 22:28:22
18273892,左庭右院鲜牛肉火锅(日月光店),"肉类不错(1376),牛肉不错(1049),牛肉新鲜(250),口味不错(959),服务热情(686),牛肉嫩(173),环境不错(350),酱料不错(206),食材不错(182)",2016-01-05 22:28:24
18259246,蜀九香(延安西路店),"口味不错(594),食材不错(178),食材新鲜(99),环境不错(518),肉类不错(145),服务热情(335),牛肉不错(84),锅底不错(65)",2016-01-05 22:28:29
18204916,嗨锅(梅川路总店),"牛蛙不错(514),肉类不错(285),口味不错(1143),服务热情(569),性价比较高(235),锅底不错(194),食材不错(187),海鲜不错(173)",2016-01-05 22:28:31
18204606,大龙燚火锅(梅川路店),"肉类不错(224),食材新鲜(123),口味不错(583),食材不错(179),服务热情(201),禽肉不错(117),环境不错(141),牛肉不错(100)",2016-01-05 22:28:36
18202207,小辉哥火锅(世博源店),"食材新鲜(264),食材不错(380),口味不错(747),肉类不错(338),环境不错(523),服务热情(452),牛肉不错(218),海鲜不错(143)",2016-01-05 22:28:46
18178278,辣府(金沙江路店),"肉类不错(398),食材新鲜(237),食材不错(370),口味不错(1137),服务热情(632),牛肉不错(230),环境不错(308),禽肉不错(110)",2016-01-05 22:28:48
18175416,煲宫(宛平南路店),"肉类不错(234),汤羹煲不错(187),服务热情(525),猪肉不错(171),口味不错(495),禽肉不错(126),食材不错(81),环境不错(170)",2016-01-05 22:28:51
18101277,酷选Self Cook韩国年糕火锅(虹泉路总店),"点心不错(537),服务热情(1752),性价比较高(577),口味不错(1388),食材不错(261),环境不错(312),面不错(214),主食不错(254)",2016-01-05 22:28:54
18021863,捞王锅物料理(昌里店),"肉类不错(496),猪肉不错(344),服务热情(1368),禽肉不错(266),口味不错(813),汤羹煲不错(263),海鲜不错(191),食材不错(169)",2016-01-05 22:28:56
17889474,Mo-Mo牧场(静安牧场),"肉类不错(897),点心不错(491),服务热情(1244),牛肉不错(415),口味不错(778),食材不错(207),环境不错(411),猪肉不错(151)",2016-01-05 22:29:04
17886206,重庆高老九火锅(徐家汇店),"肉类不错(290),口味不错(853),食材不错(187),服务热情(530),海鲜不错(171),环境不错(264),禽肉不错(139),食材新鲜(110)",2016-01-05 22:29:09
17869659,洞子张老匠火锅(五角场店),"肉类不错(261),口味不错(978),服务热情(506),性价比较高(229),食材新鲜(107),食材不错(185),禽肉不错(116),环境不错(210)",2016-01-05 22:29:12
17803980,蜀韵蜀味火锅(南京东路店),"肉类不错(314),口味不错(924),海鲜不错(265),服务热情(619),环境不错(392),食材不错(203),牛肉不错(187),食材新鲜(128)",2016-01-05 22:29:15
17739815,上井▪轻井泽(合川路店),"食材新鲜(67),食材不错(100),环境不错(238),口味不错(118),海鲜不错(55),服务热情(117),肉类不错(47),牛肉不错(37)",2016-01-05 22:29:20
17685876,重庆高老九火锅(静安寺店),"肉类不错(431),食材不错(327),口味不错(1184),食材新鲜(194),服务热情(760),禽肉不错(216),海鲜不错(205),环境不错(322)",2016-01-05 22:29:23
17679013,上上谦串串香火锅(虹口龙之梦店),"肉类不错(1070),口味不错(2960),食材不错(698),服务热情(1859),牛肉不错(667),食材新鲜(408),环境不错(1381),海鲜不错(545)",2016-01-05 22:29:26
17654577,四川香天下火锅(五角场店),"肉类不错(514),口味不错(1534),食材新鲜(244),服务热情(812),食材不错(386),环境不错(578),禽肉不错(224),饮品不错(192)",2016-01-05 22:29:30
17195312,小辉哥火锅(虹口龙之梦店),"食材不错(427),食材新鲜(284),口味不错(899),肉类不错(386),服务热情(482),环境不错(393),牛肉不错(248),海鲜不错(195)",2016-01-05 22:29:33
17169021,颐和四季轻茶膳体验馆,"环境不错(498),食材不错(116),口味不错(334),肉类不错(109),服务热情(187),饮品不错(108),点心不错(94),环境优雅(68)",2016-01-05 22:29:37
17149436,辣府(徐家汇店),"肉类不错(607),食材不错(427),食材新鲜(292),口味不错(1447),服务热情(678),牛肉不错(344),环境不错(394),禽肉不错(173)",2016-01-05 22:29:42
16982728,煲宫(龙阳店),"汤羹煲不错(203),服务热情(583),肉类不错(200),口味不错(565),猪肉不错(160),禽肉不错(106),环境不错(200),锅底不错(66)",2016-01-05 22:29:45
15965986,小辉哥火锅(大宁国际店),"食材不错(558),食材新鲜(401),口味不错(968),肉类不错(447),服务热情(626),环境不错(459),牛肉不错(291),海鲜不错(232)",2016-01-05 22:29:49
15959175,哥老官重庆美蛙鱼头(日月光大哥店),"牛蛙嫩(765),牛蛙不错(2242),肉类不错(575),口味不错(1774),海鲜不错(432),服务热情(1253),食材不错(239),牛肉不错(236),环境不错(427)",2016-01-05 22:29:54
15919639,四川香天下火锅(长寿路店),"肉类不错(279),口味不错(946),食材新鲜(150),服务热情(604),食材不错(267),环境不错(327),禽肉不错(109),牛肉不错(82)",2016-01-05 22:29:56
15916195,祥盛居老北京四季涮羊肉（清真）(清真),"肉类不错(267),羊肉不错(230),口味不错(252),酱料不错(69),服务热情(173),环境不错(82),羊肉新鲜(28),牛肉不错(36)",2016-01-05 22:30:01
15131931,花开藤蔓重庆火锅(徐家汇店),"环境不错(1500),口味不错(906),食材不错(237),服务热情(466),肉类不错(231),海鲜不错(219),牛肉不错(153),食材新鲜(104)",2016-01-05 22:30:04
15091461,爽辣重庆潮人火锅(新大陆店),"口味不错(806),肉类不错(174),服务热情(637),环境不错(215),性价比较高(161),食材不错(147),海鲜不错(105),食材新鲜(72)",2016-01-05 22:30:07
14908361,泰妃阁(百联西郊店),"口味不错(1287),服务热情(558),肉类不错(293),环境不错(505),海鲜不错(251),性价比较高(291),点心不错(172),牛肉不错(160)",2016-01-05 22:30:12
14904820,上上谦串串香火锅(普陀我格广场店),"肉类不错(377),口味不错(999),服务热情(638),环境不错(394),牛肉不错(248),食材不错(222),食材新鲜(129),海鲜不错(209)",2016-01-05 22:30:15
14151979,好骨气火锅(上南路店),"性价比较高(388),份量足(79),口味不错(580),肉类不错(97),服务热情(220),环境不错(147),锅底不错(77),汤羹煲不错(67)",2016-01-05 22:30:18
13932870,蜀公馆成都老火锅(曲阳店),"肉类不错(106),服务热情(404),食材不错(93),口味不错(321),环境不错(171),性价比较高(70),食材新鲜(45),海鲜不错(52)",2016-01-05 22:30:21
13928532,小贝壳海鲜自助火锅(八佰伴店),"食材不错(532),服务热情(650),性价比较高(539),海鲜不错(523),口味不错(627),食材新鲜(277),环境不错(402),点心不错(134)",2016-01-05 22:30:23
13911846,漂亮石头火锅(月星环球港店),"口味不错(31),服务热情(26),肉类不错(13),套餐不错(9),环境不错(12),性价比较高(9),锅底不错(9),牛肉不错(7)",2016-01-05 22:30:27
13856991,捞王锅物料理(长寿路店),"肉类不错(433),猪肉不错(310),服务热情(990),汤羹煲不错(248),口味不错(621),禽肉不错(200),食材不错(149),海鲜不错(124)",2016-01-05 22:30:33
13721497,四川香天下火锅(虹口店),"肉类不错(597),口味不错(1719),服务热情(1124),食材不错(408),食材新鲜(265),环境不错(517),禽肉不错(266),牛肉不错(195)",2016-01-05 22:30:37
13664519,讲究涮肉馆,"肉类不错(39),环境不错(40),羊肉不错(24),口味不错(31),点心不错(15),服务热情(29),食材不错(10),饮品不错(10)",2016-01-05 22:30:42
11547161,小辉哥火锅(月星环球港店),"食材不错(842),食材新鲜(585),肉类不错(750),口味不错(1663),服务热情(965),牛肉不错(421),环境不错(744),海鲜不错(331)",2016-01-05 22:30:45
10668630,四川香天下火锅(陆家嘴店),"肉类不错(404),口味不错(1215),食材不错(341),食材新鲜(223),服务热情(541),禽肉不错(191),环境不错(306),牛肉不错(134)",2016-01-05 22:30:49
21047748,老胡同(热气羊肉羊蝎子火锅),"肉类不错(394),羊肉不错(344),口味不错(511),服务热情(407),海鲜不错(149),环境不错(158),份量足(36),羊肉新鲜(29)",2016-01-05 22:30:57
shop_id,shop_name,good_summary,last_updated
22651874,嗨起来蒸汽石锅鱼,"海鲜不错(90),汤羹煲不错(25),口味不错(98),服务热情(88),性价比较高(13),食材不错(13),肉类不错(11),饮品不错(5)",2016-01-05 22:38:18
9964442,重庆高老九火锅(人民广场店),"肉类不错(1102),口味不错(3068),食材不错(803),服务热情(2026),海鲜不错(716),食材新鲜(473),环境不错(1053),禽肉不错(577)",2016-01-05 22:38:20
9359347,四川香天下火锅(天山店),"肉类不错(387),口味不错(1113),食材新鲜(200),服务热情(436),食材不错(294),环境不错(300),禽肉不错(179),牛肉不错(113)",2016-01-05 22:38:24
9334265,洞子张老匠火锅(八佰伴店),"肉类不错(405),口味不错(1259),服务热情(677),食材新鲜(148),环境不错(322),食材不错(229),性价比较高(285),禽肉不错(212)",2016-01-05 22:38:28
9039237,米哲锅物专门店,"肉类不错(810),牛肉不错(454),服务热情(1112),口味不错(1070),性价比较高(441),食材不错(359),海鲜不错(308),点心不错(304)",2016-01-05 22:38:32
9029614,辣府(打浦店),"食材新鲜(161),口味不错(801),肉类不错(319),服务热情(415),食材不错(269),环境不错(399),牛肉不错(176),海鲜不错(102)",2016-01-05 22:38:37
8939866,鼎王无老锅(金汇店),"点心不错(189),服务热情(543),肉类不错(161),口味不错(462),食材不错(145),环境不错(309),锅底不错(121),食材新鲜(72)",2016-01-05 22:38:41
8935000,上海虾满堂(定西路店),"海鲜不错(467),口味不错(489),肉类不错(124),服务热情(136),环境不错(123),羊肉不错(61),性价比较高(38),饮品不错(27)",2016-01-05 22:38:45
8905535,上上谦串串香火锅(徐汇旗舰店),"肉类不错(603),口味不错(1778),环境不错(1003),食材不错(402),服务热情(873),牛肉不错(384),食材新鲜(217),海鲜不错(356)",2016-01-05 22:38:47
8898289,溪雨观酸菜鱼(云山路店),"海鲜不错(503),口味不错(759),性价比较高(437),汤羹煲不错(76),服务热情(398),环境不错(227),份量足(46),点心不错(57)",2016-01-05 22:38:51
8845597,小辉哥火锅(正大广场店),"食材新鲜(404),肉类不错(639),口味不错(1291),食材不错(621),服务热情(697),环境不错(697),牛肉不错(385),海鲜不错(289)",2016-01-05 22:38:54
8844957,洋房火锅(新天地店),"食材新鲜(113),食材不错(182),服务热情(289),肉类不错(146),环境不错(252),口味不错(188),海鲜不错(110),牛肉不错(108)",2016-01-05 22:38:59
8717558,鼎王无老锅(衡山路店),"点心不错(794),口味不错(1345),肉类不错(590),服务热情(1244),食材不错(478),环境不错(1069),锅底不错(450),食材新鲜(246)",2016-01-05 22:39:02
8440409,锅德港式海鲜肥牛火锅(淮海中路店),"食材新鲜(71),食材不错(101),服务热情(125),肉类不错(78),环境不错(114),海鲜不错(65),口味不错(100),牛肉不错(64)",2016-01-05 22:39:06
8079189,帅锅 Handsome Hotpot,"肉类不错(134),牛肉不错(111),海鲜不错(107),食材新鲜(55),口味不错(188),食材不错(83),环境不错(99),服务热情(78)",2016-01-05 22:39:40
8067558,小辉哥火锅(恒隆港汇店),"食材不错(639),食材新鲜(424),肉类不错(584),口味不错(1208),服务热情(662),环境不错(540),牛肉不错(331),海鲜不错(307)",2016-01-05 22:39:44
8039800,蜀公馆成都老火锅(百联中环店),"口味不错(1254),肉类不错(287),服务热情(903),食材新鲜(145),环境不错(565),食材不错(267),性价比较高(236),牛肉不错(128)",2016-01-05 22:39:46
8029602,小辉哥火锅(日月光广场店),"食材新鲜(523),食材不错(799),口味不错(1605),肉类不错(752),服务热情(931),环境不错(810),牛肉不错(442),海鲜不错(370)",2016-01-05 22:39:50
6850571,捞王锅物料理(肇嘉浜路店),"肉类不错(659),猪肉不错(449),服务热情(1289),汤羹煲不错(378),口味不错(857),禽肉不错(338),海鲜不错(207),牛肉不错(201)",2016-01-05 22:39:54
6645103,老工厂重庆火锅,"口味不错(646),肉类不错(199),服务热情(469),环境不错(253),牛肉不错(128),性价比较高(150),食材不错(113),锅底不错(81)",2016-01-05 22:39:58
6609265,香港荣哥火锅,"食材新鲜(336),食材不错(478),服务热情(651),海鲜不错(320),口味不错(374),肉类不错(183),牛肉不错(129),环境不错(276)",2016-01-05 22:40:01
6586622,辣府(云南南路店),"肉类不错(1512),牛肉不错(957),口味不错(2756),食材不错(727),服务热情(1501),海鲜不错(633),食材新鲜(467),环境不错(754)",2016-01-05 22:40:04
6444591,捞王锅物料理(四川北路店),"肉类不错(654),猪肉不错(460),服务热情(1053),汤羹煲不错(360),口味不错(841),禽肉不错(344),海鲜不错(221),煲仔饭不错(185)",2016-01-05 22:40:08
6328747,凯达石斑鱼打边炉(潮汕海鲜火锅),"海鲜不错(519),肉类不错(369),服务热情(1134),禽肉不错(268),口味不错(716),汤羹煲不错(219),禽肉嫩(130),食材不错(150)",2016-01-05 22:40:12
6128982,大唐人家(大华店),"肉类不错(550),羊肉不错(519),口味不错(508),服务热情(197),环境不错(160),羊肉新鲜(47),羊肉嫩(33),性价比较高(108)",2016-01-05 22:40:17
6127165,季悦火锅(香港广场店),"食材新鲜(235),食材不错(331),服务热情(627),肉类不错(330),口味不错(428),海鲜不错(280),环境不错(421),牛肉不错(203)",2016-01-05 22:40:29
6110204,海底捞火锅店(徐家汇店),"肉类不错(204),服务热情(1401),食材不错(196),口味不错(645),环境不错(284),食材新鲜(107),海鲜不错(129),牛肉不错(117)",2016-01-05 22:40:31
6075188,鼎王无老锅(黄金城道店),"点心不错(285),服务热情(643),肉类不错(264),口味不错(593),食材不错(203),环境不错(473),锅底不错(184),食材新鲜(111)",2016-01-05 22:40:44
6061978,辉哥海鲜火锅(圆明园路店),"食材不错(69),食材新鲜(41),环境不错(82),肉类不错(50),服务热情(67),牛肉不错(39),口味不错(60),海鲜不错(37)",2016-01-05 22:40:50
5863562,七欣天品蟹轩(五角场店),"海鲜不错(250),口味不错(440),服务热情(156),环境不错(154),性价比较高(68),肉类不错(41),点心不错(17),汤羹煲不错(15)",2016-01-05 22:41:28
5859419,四川香天下火锅(徐家汇店),"肉类不错(738),口味不错(1695),食材新鲜(303),服务热情(1153),食材不错(447),禽肉不错(386),环境不错(470),牛肉不错(219)",2016-01-05 22:41:32
583855,万先港式打边炉(万先港式打边炉),"口味不错(137),环境不错(48),肉类不错(41),服务热情(44),海鲜不错(25),汤羹煲不错(21),炸类不错(20),锅底不错(18)",2016-01-05 22:41:33
5750860,小辉哥火锅(五角场万达店),"肉类不错(778),食材新鲜(537),食材不错(757),口味不错(1450),服务热情(792),牛肉不错(448),海鲜不错(352),环境不错(559)",2016-01-05 22:41:37
5733341,打望重庆火锅,"海鲜不错(356),肉类不错(309),口味不错(558),牛肉不错(165),环境不错(244),服务热情(201),食材不错(136),锅底不错(109)",2016-01-05 22:41:42
5721724,小贝壳海鲜自助火锅(打浦路店),"海鲜不错(1565),食材不错(1363),口味不错(1567),性价比较高(1190),食材新鲜(661),服务热情(1164),环境不错(963),点心不错(386)",2016-01-05 22:41:45
5530450,煲宫(人民广场店),"肉类不错(889),猪肉不错(708),口味不错(1710),汤羹煲不错(663),服务热情(1401),禽肉不错(548),环境不错(543),煲仔饭不错(272)",2016-01-05 22:41:47
5529178,渝利火锅(九六店),"肉类不错(338),口味不错(1006),服务热情(638),食材不错(275),环境不错(358),食材新鲜(138),性价比较高(158),禽肉不错(147)",2016-01-05 22:41:57
5528732,捞王锅物料理(静安店),"肉类不错(491),猪肉不错(347),服务热情(1060),汤羹煲不错(298),口味不错(658),禽肉不错(257),食材不错(141),牛肉不错(136)",2016-01-05 22:41:59
5473698,上上谦串串香火锅(浦东新梅广场店),"肉类不错(1103),口味不错(2773),服务热情(1624),环境不错(1198),牛肉不错(701),食材不错(581),食材新鲜(303),海鲜不错(527)",2016-01-05 22:42:07
5391580,泰妃阁(浦东新梅广场店),"肉类不错(980),口味不错(2817),环境不错(1136),性价比较高(924),海鲜不错(747),服务热情(978),牛肉不错(617),点心不错(446)",2016-01-05 22:42:12
5245120,橘色涮涮屋,"食材新鲜(76),海鲜不错(106),食材不错(106),口味不错(112),肉类不错(68),环境不错(102),点心不错(47),服务热情(75)",2016-01-05 22:42:15
505597,王家大苑老北京热气羊肉涮锅(临汾路店),"肉类不错(384),羊肉不错(355),口味不错(331),服务热情(225),性价比较高(62),酱料不错(58),羊肉新鲜(46),海鲜不错(57)",2016-01-05 22:42:19
501073,三人行骨头王火锅(长宁店),"份量足(202),口味不错(837),汤羹煲不错(207),服务热情(790),环境不错(342),性价比较高(175),肉类不错(152),锅底不错(82)",2016-01-05 22:42:21
500668,三人行骨头王火锅(徐汇总店),"份量足(665),口味不错(2456),服务热情(1745),性价比较高(684),汤羹煲不错(635),肉类不错(456),锅底不错(403),环境不错(615)",2016-01-05 22:42:26
500621,小肥羊(南丹路店),"肉类不错(1059),羊肉不错(900),口味不错(1282),服务热情(645),锅底不错(348),环境不错(406),性价比较高(235),牛肉不错(141)",2016-01-05 22:42:30
4747215,海底捞火锅店(邯郸路店),"服务热情(1849),食材不错(282),口味不错(817),肉类不错(261),环境不错(406),食材新鲜(146),锅底不错(226),海鲜不错(178)",2016-01-05 22:42:32
4714973,辣府(嘉善路店),"肉类不错(742),牛肉不错(474),口味不错(1025),食材不错(315),服务热情(512),锅底不错(234),环境不错(379),食材新鲜(191)",2016-01-05 22:42:36
4676160,捞王锅物料理(控江店),"肉类不错(296),猪肉不错(208),服务热情(594),汤羹煲不错(193),口味不错(454),禽肉不错(159),主食不错(92),海鲜不错(87)",2016-01-05 22:42:41
4663518,洋房火锅(岳阳路店),"食材不错(150),食材新鲜(81),服务热情(231),肉类不错(139),环境不错(203),牛肉不错(104),口味不错(195),海鲜不错(94)",2016-01-05 22:42:44
4550707,Mo-Mo牧场(陕南牧场),"肉类不错(2763),牛肉不错(1522),服务热情(3395),点心不错(1315),口味不错(2233),环境不错(1187),食材不错(562),菜品新鲜(280)",2016-01-05 22:42:48
4500491,豆捞坊(大悦城店),"食材不错(185),服务热情(731),口味不错(650),环境不错(462),海鲜不错(155),食材新鲜(100),性价比较高(156),肉类不错(145)",2016-01-05 22:42:51
4271630,海底捞火锅店(张杨路店),"服务热情(2257),食材不错(304),口味不错(1001),肉类不错(285),环境不错(411),食材新鲜(156),海鲜不错(235),锅底不错(196)",2016-01-05 22:42:55
4223460,红辣椒(张杨路店),"海鲜不错(801),肉类不错(774),服务热情(3443),口味不错(2489),禽肉不错(461),性价比较高(593),环境不错(740),牛蛙不错(360)",2016-01-05 22:42:58
4017154,海底捞火锅店(打浦路店),"服务热情(2323),口味不错(1062),环境不错(557),食材不错(318),肉类不错(292),食材新鲜(165),海鲜不错(222),锅底不错(172)",2016-01-05 22:43:02
3703555,捞王锅物料理(凯旋路店),"肉类不错(601),猪肉不错(443),口味不错(868),汤羹煲不错(377),服务热情(827),禽肉不错(292),煲仔饭不错(237),主食不错(270)",2016-01-05 22:43:10
3521644,豆捞坊(金桥国际店),"食材不错(359),服务热情(1088),食材新鲜(203),口味不错(1088),环境不错(919),海鲜不错(215),性价比较高(290),肉类不错(207)",2016-01-05 22:43:13
3441013,三人行骨头王火锅(百联世茂店),"份量足(999),口味不错(3287),服务热情(2717),环境不错(1207),性价比较高(876),汤羹煲不错(730),肉类不错(586),锅底不错(462)",2016-01-05 22:43:15
32577028,左庭右院鲜牛肉火锅(南丰城店),"肉类不错(76),牛肉不错(61),牛肉新鲜(14),服务热情(65),口味不错(38),环境不错(36),性价比较高(13),汤羹煲不错(12)",2016-01-05 22:43:19
32447805,花千锅-现切鲜牛肉火锅(世博源店),"肉类不错(151),牛肉不错(104),口味不错(136),酱料不错(50),环境不错(131),牛肉新鲜(27),服务热情(71),食材不错(39)",2016-01-05 22:43:22
32447704,花千锅-现切鲜牛肉火锅(大宁店),"肉类不错(199),牛肉不错(143),口味不错(186),环境不错(113),酱料不错(44),服务热情(105),食材不错(39),牛肉新鲜(24)",2016-01-05 22:43:26
2921428,豆捞坊(百联世茂店),"海鲜不错(487),服务热情(1906),口味不错(1655),肉类不错(418),环境不错(1581),食材不错(412),性价比较高(308),食材新鲜(207)",2016-01-05 22:43:30
2873341,红辣椒(杨浦店),"肉类不错(1423),服务热情(4317),海鲜不错(1175),口味不错(3700),环境不错(1429),禽肉不错(889),性价比较高(1083),份量足(379)",2016-01-05 22:43:34
28615981,今牛座-潮汕鲜牛火锅,"肉类不错(321),牛肉不错(248),牛肉嫩(75),口味不错(213),服务热情(134),环境不错(118),牛肉新鲜(49),酱料不错(54),汤羹煲不错(37)",2016-01-05 22:43:36
28604806,魔肚大火锅(龙茗路店),"肉类不错(42),份量足(17),服务热情(85),食材不错(26),食材新鲜(16),口味不错(66),禽肉不错(24),牛肉不错(21),环境不错(41)",2016-01-05 22:43:40
28425895,牛很鲜潮汕牛肉火锅,"肉类不错(344),牛肉不错(271),牛肉新鲜(75),口味不错(250),服务热情(146),环境不错(125),牛肉嫩(38),性价比较高(66)",2016-01-05 22:43:44
27431970,煲宫(五角场店),"肉类不错(79),猪肉不错(63),口味不错(154),汤羹煲不错(56),服务热情(148),禽肉不错(39),环境不错(43),海鲜不错(29)",2016-01-05 22:43:50
27431729,嗨锅(宝山万达店),"牛蛙不错(125),肉类不错(56),口味不错(192),锅底不错(46),海鲜不错(45),服务热情(87),食材不错(32),牛蛙嫩(27),烧烤不错(30)",2016-01-05 22:43:52
27391597,粤来粤牛牛肉打边炉(金玉兰店),"肉类不错(202),牛肉不错(158),牛肉嫩(31),口味不错(175),服务热情(113),环境不错(94),酱料不错(30),海鲜不错(29),食材不错(26)",2016-01-05 22:43:55
27348970,哥老官重庆美蛙鱼头(虹口龙之梦五哥店),"牛蛙不错(148),牛蛙嫩(59),肉类不错(74),口味不错(123),牛肉不错(40),服务热情(86),汤羹煲不错(32),海鲜不错(29)",2016-01-05 22:43:59
27313649,發記香港火锅,"肉类不错(74),牛肉不错(45),禽肉不错(31),口味不错(72),服务热情(71),食材不错(19),锅底不错(19),汤羹煲不错(15)",2016-01-05 22:44:06
27302344,汕记鲜牛(彭浦店),"肉类不错(108),牛肉新鲜(26),牛肉不错(92),口味不错(80),食材不错(22),食材新鲜(15),服务热情(53),环境不错(20)",2016-01-05 22:44:09
27221227,牛约潮汕牛肉火锅(茅台路店),"肉类不错(107),牛肉不错(81),牛肉新鲜(21),牛肉嫩(17),服务热情(81),食材不错(21),口味不错(78),环境不错(37),酱料不错(13)",2016-01-05 22:44:14
27188117,九牛二户(长风景畔店),"肉类不错(81),牛肉不错(67),口味不错(85),服务热情(46),牛肉嫩(13),环境不错(32),酱料不错(13),牛肉新鲜(12),汤羹煲不错(11)",2016-01-05 22:44:22
27188103,九牛二户(西藏南路店),"肉类不错(59),牛肉不错(46),牛肉嫩(11),口味不错(55),食材不错(13),食材新鲜(8),服务热情(41),环境不错(37),菜品新鲜(7)",2016-01-05 22:44:44
27170093,釜山火炉·饮食仓库芝士肋排,"点心不错(57),肉类不错(51),口味不错(114),服务热情(94),份量足(20),主食不错(26),猪肉不错(23),环境不错(45),炒饭好吃(21)",2016-01-05 22:44:47
27139541,陈记顺和牛肉店(嘉定店),"肉类不错(85),牛肉不错(72),牛肉新鲜(15),口味不错(57),服务热情(40),环境不错(27),牛肉嫩(8),食材不错(10),汤羹煲不错(9)",2016-01-05 22:44:49
27139520,陈记顺和牛肉店(南京东路店),"肉类不错(413),牛肉不错(321),牛肉嫩(59),牛肉新鲜(51),口味不错(293),服务热情(291),汤羹煲不错(49),环境不错(91)",2016-01-05 22:44:53
27137313,哥老官重庆美蛙鱼头(长寿路四哥店),"牛蛙不错(155),牛蛙嫩(53),肉类不错(58),服务热情(132),口味不错(117),食材不错(28),牛肉不错(27),海鲜不错(26),环境不错(31)",2016-01-05 22:44:57
27136174,牛市缘-潮汕鲜牛肉火锅(杨浦百联店),"肉类不错(306),牛肉不错(240),牛肉嫩(54),牛肉新鲜(51),口味不错(224),服务热情(135),环境不错(71),性价比较高(51)",2016-01-05 22:45:02
27131758,香上牛家潮汕牛肉火锅,"肉类不错(275),牛肉不错(230),牛肉新鲜(55),口味不错(215),牛肉嫩(37),服务热情(177),环境不错(72),食材不错(38),锅底不错(37)",2016-01-05 22:45:06
27020337,牛+ 冰心火舌 Bingo 火锅料理,"口味不错(102),肉类不错(34),服务热情(76),性价比较高(37),食材不错(26),食材新鲜(15),环境不错(73),海鲜不错(23)",2016-01-05 22:45:07
27008448,今年牛事-宝山店(潮汕原味牛肉火锅),"肉类不错(252),牛肉新鲜(50),牛肉不错(207),牛肉嫩(38),口味不错(195),服务热情(62),菜品新鲜(23),酱料不错(27),肉类新鲜(21)",2016-01-05 22:45:10
27008435,今年牛事-四川北路店(潮汕原味牛肉火锅),"肉类不错(220),牛肉不错(178),牛肉新鲜(43),牛肉嫩(42),口味不错(172),服务热情(125),环境不错(35),性价比较高(30)",2016-01-05 22:45:14
26988804,铜炉湾·潮汕牛肉火锅(打浦路店),"肉类不错(74),牛肉不错(52),牛肉嫩(12),口味不错(66),服务热情(43),环境不错(24),牛肉新鲜(9),性价比较高(11)",2016-01-05 22:45:20
26231027,热辣壹号(南丰城),"食材不错(42),口味不错(107),服务热情(94),肉类不错(35),环境不错(63),食材新鲜(21),锅底不错(23),牛肉不错(19)",2016-01-05 22:47:44
26230650,辣滚天铜火锅(上海登陆店),"肉类不错(79),服务热情(243),食材不错(68),食材新鲜(34),口味不错(152),环境不错(88),牛肉不错(40),性价比较高(58)",2016-01-05 22:47:47
26208683,今日炊牛潮汕牛肉海鲜火锅(普陀店),"肉类不错(235),牛肉不错(182),口味不错(190),服务热情(94),牛肉新鲜(35),环境不错(79),酱料不错(37),锅底不错(35)",2016-01-05 22:47:52
25036827,九牛二户(延长路店),"肉类不错(182),牛肉不错(141),牛肉嫩(31),口味不错(185),牛肉新鲜(25),食材不错(38),食材新鲜(24),服务热情(106),菜品新鲜(23)",2016-01-05 22:47:59
24969055,天天牛市 潮汕牛肉火锅,"肉类不错(245),牛肉不错(203),牛肉新鲜(38),口味不错(182),服务热情(91),环境不错(70),性价比较高(49),酱料不错(37)",2016-01-05 22:48:04
2483137,海底捞火锅店(长寿路店),"服务热情(3439),口味不错(1571),肉类不错(482),环境不错(958),食材不错(399),海鲜不错(266),食材新鲜(180),面不错(230),主食不错(264)",2016-01-05 22:48:06
24812466,曼哈顿自助海鲜,"性价比较高(114),海鲜不错(71),环境不错(101),口味不错(95),食材不错(64),食材新鲜(21),服务热情(64),肉类不错(31)",2016-01-05 22:48:09
24647487,TIKI CHINA夏威夷餐厅(大学路店),"肉类不错(96),环境不错(119),牛肉不错(68),口味不错(109),汉堡不错(54),服务热情(90),西式主食不错(54),点心不错(47)",2016-01-05 22:48:13
24645082,四川香天下火锅(浦东八百伴),"肉类不错(95),口味不错(247),食材不错(80),服务热情(215),食材新鲜(37),环境不错(87),牛肉不错(37),禽肉不错(33)",2016-01-05 22:48:15
24634381,魔都·川西坝子,"食材新鲜(41),食材不错(61),肉类不错(61),口味不错(138),服务热情(136),环境不错(57),性价比较高(33),牛肉不错(26)",2016-01-05 22:48:21
24608951,原味主张椰子鸡(正大广场店),"肉类不错(110),禽肉不错(92),口味不错(147),禽肉嫩(33),汤羹煲不错(43),服务热情(62),环境不错(55),饮品不错(23)",2016-01-05 22:48:25
24608304,酷选Self Cook韩国年糕火锅(洲海路店),"服务热情(113),点心不错(28),口味不错(73),环境不错(32),性价比较高(25),主食不错(23),面不错(20),食材不错(19)",2016-01-05 22:48:29
24500435,老北京羊蝎子火锅（段氏龙虾）(莘松康城店),"海鲜不错(64),肉类不错(54),口味不错(139),羊肉不错(45),服务热情(53),环境不错(49),份量足(9)",2016-01-05 22:48:33
2432107,锅德港式海鲜肥牛火锅(新天地南里店),"肉类不错(315),牛肉不错(248),食材新鲜(146),口味不错(348),食材不错(237),服务热情(312),海鲜不错(160),环境不错(243)",2016-01-05 22:48:37
24309683,青花椒砂锅鱼(凯德七宝店),"海鲜不错(237),口味不错(338),点心不错(50),服务热情(216),肉类不错(45),环境不错(83),汤羹煲不错(40),份量足(22)",2016-01-05 22:48:40
24294461,锅德小火锅(虹口店),"食材新鲜(72),食材不错(125),服务热情(374),肉类不错(118),口味不错(283),环境不错(173),锅底不错(57),牛肉不错(54)",2016-01-05 22:48:48
24291947,高兴一锅 汕头牛肉火锅,"肉类不错(478),牛肉不错(385),牛肉新鲜(72),牛肉嫩(70),口味不错(413),酱料不错(74),服务热情(372),环境不错(104),锅底不错(65)",2016-01-05 22:48:50
24258140,青花椒砂锅鱼(米岛店),"海鲜不错(385),点心不错(95),口味不错(427),服务热情(184),砂锅不错(77),主食不错(81),汤羹煲不错(70),环境不错(92)",2016-01-05 22:48:53
24096079,捞王锅物料理(米岛店),"肉类不错(150),猪肉不错(115),服务热情(228),汤羹煲不错(91),口味不错(217),禽肉不错(76),海鲜不错(59),食材不错(45)",2016-01-05 22:48:58
24095254,锅德小火锅(张江店),"肉类不错(56),服务热情(192),食材不错(46),食材新鲜(25),口味不错(145),环境不错(119),牛肉不错(28),性价比较高(34)",2016-01-05 22:49:00
24078342,百岁•我家酸菜鱼(五角场店),"海鲜不错(458),口味不错(530),服务热情(202),性价比较高(101),环境不错(103),汤羹煲不错(36),份量足(26),肉类不错(35)",2016-01-05 22:51:11
24068599,三顾牛炉潮汕鲜牛肉火锅,"肉类不错(167),牛肉不错(134),牛肉新鲜(33),牛肉嫩(22),口味不错(120),服务热情(50),酱料不错(28),环境不错(32),锅底不错(21)",2016-01-05 22:51:26
24058935,牛图腾潮汕牛肉火锅,"肉类不错(282),牛肉不错(243),牛肉嫩(46),食材不错(51),口味不错(226),服务热情(175),环境不错(101),牛肉新鲜(35),酱料不错(41)",2016-01-05 22:54:29
24031079,酷选Self Cook韩国年糕火锅(巴黎春天天山店),"点心不错(122),服务热情(221),口味不错(211),性价比较高(87),食材不错(59),主食不错(55),面不错(53),海鲜不错(51)",2016-01-05 22:54:44
23986915,捞王锅物料理(金鼎路店),"肉类不错(55),服务热情(184),汤羹煲不错(43),口味不错(107),猪肉不错(40),禽肉不错(36),环境不错(49),食材不错(20)",2016-01-05 22:54:52
23945423,蒸天下海鲜蒸汽料理,"食材新鲜(157),食材不错(210),海鲜不错(200),口味不错(180),粥不错(36),主食不错(39),服务热情(126),肉类不错(32),环境不错(33)",2016-01-05 22:54:57
23931777,陈记顺和牛肉店(浙江南路店),"肉类不错(523),牛肉不错(416),牛肉新鲜(95),牛肉嫩(71),口味不错(343),服务热情(250),环境不错(101),酱料不错(52),菜品新鲜(43)",2016-01-05 22:54:59
23926018,颇辣渝味火锅,"食材新鲜(68),食材不错(103),口味不错(246),肉类不错(81),服务热情(220),环境不错(201),菜品新鲜(27),禽肉不错(33)",2016-01-05 22:55:20
23925983,红盔甲(天钥桥路店),"海鲜不错(521),口味不错(583),肉类不错(165),服务热情(233),环境不错(163),羊肉不错(63),性价比较高(64),酱料不错(38)",2016-01-05 22:55:22
23911969,红盔甲(长寿路店),"海鲜不错(511),肉类不错(178),口味不错(519),服务热情(274),环境不错(157),猪肉不错(55),羊肉不错(52),性价比较高(54)",2016-01-05 22:55:25
23873864,麻辣空间四川清油火锅,"食材新鲜(33),肉类不错(69),服务热情(194),食材不错(62),份量足(26),口味不错(178),牛肉不错(50),环境不错(106),锅底不错(33)",2016-01-05 22:55:29
23722267,井格老灶火锅(中山公园龙之梦店),"食材新鲜(65),肉类不错(114),口味不错(329),食材不错(100),服务热情(224),牛肉不错(78),环境不错(141),锅底不错(44)",2016-01-05 22:55:32
23674397,粤来粤牛牛肉打边炉(莘庄店),"肉类不错(540),牛肉不错(427),牛肉新鲜(79),口味不错(470),锅底不错(90),服务热情(256),环境不错(217),食材不错(75)",2016-01-05 22:55:42
23652451,龙虾宝宝(上海旗舰店),"海鲜不错(110),口味不错(69),肉类不错(15),服务热情(55),环境不错(26),食材不错(7),主食不错(7),粥不错(7),汤羹煲不错(4)",2016-01-05 22:55:45
23636169,九牛一品潮汕牛肉火锅(虹梅路店),"肉类不错(333),牛肉不错(269),牛肉新鲜(56),口味不错(242),服务热情(114),牛肉嫩(44),环境不错(100),性价比较高(58)",2016-01-05 22:56:06
23591872,汕头牛莊（潮汕鲜牛肉火锅）,"肉类不错(265),牛肉不错(206),牛肉新鲜(49),口味不错(234),服务热情(90),环境不错(52),牛肉嫩(28),食材不错(36),性价比较高(33)",2016-01-05 22:56:15
23568748,鼎辣重庆火锅(大华店),"食材新鲜(15),食材不错(25),口味不错(66),环境不错(45),肉类不错(17),服务热情(31),性价比较高(18),牛肉不错(10)",2016-01-05 22:56:21
23545793,万先潮煲港式打边炉,"肉类不错(34),服务热情(46),汤羹煲不错(22),口味不错(46),牛肉不错(19),禽肉不错(14),环境不错(32),食材不错(9)",2016-01-05 22:56:38
23539885,牛霸天下(愚园路店),"肉类不错(273),牛肉不错(224),口味不错(192),服务热情(90),牛肉嫩(35),环境不错(49),酱料不错(35),性价比较高(39)",2016-01-05 22:56:51
23499029,东来居港式米其林火锅,"肉类不错(103),食材不错(80),口味不错(142),食材新鲜(48),海鲜不错(64),服务热情(93),牛肉不错(63),环境不错(65)",2016-01-05 22:56:56
23496856,捞王锅物料理(联洋店),"肉类不错(132),猪肉不错(97),服务热情(330),口味不错(230),禽肉不错(78),汤羹煲不错(73),食材不错(56),环境不错(83)",2016-01-05 22:58:28
23481472,禾牛阵,"肉类不错(199),牛肉不错(137),食材新鲜(35),服务热情(173),食材不错(74),海鲜不错(58),口味不错(136),环境不错(94)",2016-01-05 22:58:32
23480009,爱特牛健康火锅,"肉类不错(255),牛肉不错(212),牛肉新鲜(44),口味不错(201),食材不错(59),服务热情(199),环境不错(121),食材新鲜(30)",2016-01-05 22:58:33
23422081,御鼎丰火锅(徐汇店),"肉类不错(86),食材新鲜(40),口味不错(171),食材不错(70),服务热情(156),牛肉不错(59),环境不错(119),性价比较高(44)",2016-01-05 22:58:41
23405398,Mo-Mo牧场(长泰广场店),"肉类不错(507),点心不错(255),服务热情(698),牛肉不错(209),口味不错(442),食材不错(157),环境不错(220),菜品新鲜(73)",2016-01-05 22:58:43
23361031,叶品盛酸菜鱼,"海鲜不错(587),口味不错(611),服务热情(572),汤羹煲不错(61),环境不错(111),性价比较高(73),肉类不错(59),份量足(34)",2016-01-05 22:58:46
23337129,渝利火锅(开元地中海店),"食材新鲜(47),食材不错(71),口味不错(237),肉类不错(69),服务热情(147),环境不错(121),性价比较高(37),牛肉不错(33)",2016-01-05 23:00:13
23310624,四川香天下火锅(曲阳店),"肉类不错(88),食材新鲜(48),口味不错(270),食材不错(80),服务热情(238),环境不错(115),性价比较高(50),牛肉不错(39)",2016-01-05 23:00:16
23127305,周渝食惦 酸菜鱼(龙茗路店),"海鲜不错(362),口味不错(376),服务热情(157),性价比较高(58),肉类不错(45),环境不错(83),汤羹煲不错(37),份量足(15)",2016-01-05 23:03:25
23127251,周渝食惦 酸菜鱼(九亭店),"海鲜不错(252),口味不错(311),服务热情(155),环境不错(72),性价比较高(43),肉类不错(28),汤羹煲不错(21),份量足(14)",2016-01-05 23:03:26
23089831,四川香天下火锅(共康店),"食材新鲜(85),肉类不错(141),口味不错(398),食材不错(133),服务热情(364),环境不错(169),禽肉不错(59),牛肉不错(59)",2016-01-05 23:03:32
23042526,鼎尊锅物料理,"肉类不错(51),服务热情(160),猪肉不错(35),口味不错(117),汤羹煲不错(26),环境不错(53),禽肉不错(25),食材不错(22)",2016-01-05 23:03:39
23022705,百素•我家酸菜鱼(中山公园店),"海鲜不错(711),口味不错(749),肉类不错(108),服务热情(327),性价比较高(166),环境不错(248),点心不错(75),汤羹煲不错(56)",2016-01-05 23:03:42
23000744,项记潮汕牛肉火锅(周浦店),"肉类不错(228),牛肉不错(184),牛肉新鲜(41),牛肉嫩(38),口味不错(117),服务热情(79),性价比较高(35),酱料不错(27)",2016-01-05 23:03:45
22994030,粤汕一牛(田尚坊店),"肉类不错(165),牛肉不错(152),口味不错(150),牛肉新鲜(25),环境不错(66),服务热情(49),牛肉嫩(23),性价比较高(33)",2016-01-05 23:03:47
22975446,青花椒砂锅鱼(汇融天地店),"海鲜不错(404),口味不错(498),点心不错(72),肉类不错(67),服务热情(276),环境不错(87),汤羹煲不错(57),份量足(36)",2016-01-05 23:03:49
22968280,渔家谣鱼火锅,"海鲜不错(300),口味不错(369),环境不错(240),性价比较高(84),服务热情(210),主食不错(58),煲仔饭不错(50),肉类不错(48)",2016-01-05 23:03:53
22950639,捞王锅物料理(中原店),"肉类不错(160),猪肉不错(123),服务热情(622),汤羹煲不错(123),口味不错(320),禽肉不错(91),食材不错(86),海鲜不错(57)",2016-01-05 23:03:56
22916210,四川香天下火锅(大华店),"食材新鲜(73),肉类不错(162),口味不错(383),食材不错(137),服务热情(339),环境不错(188),禽肉不错(68),牛肉不错(68)",2016-01-05 23:03:59
22897991,食神锅奉行(外滩旗舰店),,2016-01-05 23:04:04
22872172,大龙燚火锅(娄山关路店),"肉类不错(188),食材不错(128),食材新鲜(87),口味不错(416),禽肉不错(114),服务热情(163),环境不错(95),牛肉不错(75)",2016-01-05 23:04:07
22807288,百岁•我家酸菜鱼(虹口店),"海鲜不错(603),口味不错(673),服务热情(299),性价比较高(123),汤羹煲不错(61),环境不错(134),份量足(28),肉类不错(56)",2016-01-05 23:04:14
22800138,介家有料串串香(巴黎春天天山店),"肉类不错(53),服务热情(162),口味不错(161),环境不错(109),性价比较高(32),猪肉不错(29),海鲜不错(29),点心不错(27)",2016-01-05 23:04:16
22650965,四川香天下火锅(虹桥店),"食材新鲜(55),食材不错(95),口味不错(246),肉类不错(58),服务热情(236),环境不错(138),菜品新鲜(22),禽肉不错(25)",2016-01-05 23:04:25
22604527,云南蒸汽石锅鱼(虹口足球场店),"海鲜不错(412),汤羹煲不错(224),口味不错(355),服务热情(329),环境不错(52),性价比较高(42),酱料不错(41),肉类不错(40)",2016-01-05 23:04:26
22586062,巴蜀隆门火锅(南京西路店),"肉类不错(282),口味不错(552),点心不错(237),服务热情(405),环境不错(370),牛肉不错(160),食材新鲜(82),食材不错(138)",2016-01-05 23:04:30
22458765,牛百味潮汕牛肉火锅,"肉类不错(570),牛肉不错(469),牛肉新鲜(114),性价比较高(132),口味不错(414),服务热情(121),环境不错(111),锅底不错(68)",2016-01-05 23:04:38
22440453,潮家牛肉火锅(广灵二路店),"肉类不错(240),牛肉新鲜(47),牛肉不错(199),口味不错(227),服务热情(79),性价比较高(31),牛肉嫩(21),环境不错(34)",2016-01-05 23:04:42
22410779,壹魚壹锅,"海鲜不错(230),口味不错(273),肉类不错(157),环境不错(177),服务热情(166),锅底不错(81),食材不错(76),食材新鲜(42)",2016-01-05 23:04:45
22397956,九牛二炉(昌平店),"肉类不错(539),牛肉不错(400),牛肉嫩(75),口味不错(388),酱料不错(94),服务热情(202),汤羹煲不错(83),牛肉新鲜(71)",2016-01-05 23:04:51
22389151,四川香天下火锅(吴中路店),"食材新鲜(47),食材不错(69),口味不错(202),服务热情(116),肉类不错(61),环境不错(105),性价比较高(37),牛肉不错(30)",2016-01-05 23:05:00
22348482,东来顺(外滩店),"肉类不错(169),环境不错(173),羊肉不错(126),服务热情(166),食材不错(50),口味不错(150),羊肉嫩(20),牛肉不错(28),食材新鲜(19)",2016-01-05 23:05:02
22260358,一锅到底,"食材新鲜(49),食材不错(96),服务热情(222),肉类不错(62),口味不错(145),环境不错(108),性价比较高(41),牛肉不错(33)",2016-01-05 23:05:05
22242933,町芗黄鱼传说（面&火锅）,"海鲜不错(266),面不错(165),口味不错(237),主食不错(167),服务热情(182),肉类不错(101),汤羹煲不错(98),猪肉不错(69)",2016-01-05 23:05:10
22158469,小三宝火锅(虹口店),"食材新鲜(103),食材不错(189),服务热情(565),肉类不错(128),口味不错(421),环境不错(289),牛肉不错(81),点心不错(54)",2016-01-05 23:05:17
22142004,哥老官重庆美蛙鱼头(定西路三哥店),"牛蛙嫩(137),牛蛙不错(467),口味不错(404),肉类不错(120),服务热情(323),海鲜不错(113),食材不错(52),环境不错(102),性价比较高(45)",2016-01-05 23:05:21
22137126,新万先港式打边炉(万先港式打边炉),"食材新鲜(19),食材不错(27),口味不错(48),服务热情(47),海鲜不错(17),环境不错(42),肉类不错(16),牛肉不错(12)",2016-01-05 23:05:25
22075955,涮锅里 寿喜锅&涮涮锅专门店,"肉类不错(294),口味不错(253),性价比较高(131),点心不错(111),服务热情(220),牛肉不错(107),禽肉不错(92),食材不错(72)",2016-01-05 23:05:28
22070340,齐民市集(上海芮欧店),"食材新鲜(196),食材不错(299),口味不错(288),海鲜不错(150),环境不错(204),肉类不错(129),服务热情(192),菌菇不错(62)",2016-01-05 23:05:32
22070144,巴逸毛肚火锅(中山北路店),"肉类不错(123),服务热情(423),汤羹煲不错(97),口味不错(335),禽肉不错(90),环境不错(134),食材不错(89),菌菇不错(88)",2016-01-05 23:05:35
22056524,加連威老道港式火锅,"肉类不错(57),食材不错(55),食材新鲜(38),口味不错(77),牛肉不错(48),服务热情(62),汤羹煲不错(40),海鲜不错(39)",2016-01-05 23:05:39
23297430,千彩海鲜自助小萝莉主题火锅,"海鲜不错(69),性价比较高(77),口味不错(91),食材不错(56),环境不错(68),食材新鲜(23),服务热情(59),肉类不错(29)",2016-01-05 23:05:42
24064370,左庭右院鲜牛肉火锅(五角场店),"肉类不错(476),牛肉不错(380),牛肉嫩(81),牛肉新鲜(77),口味不错(320),服务热情(247),环境不错(114),酱料不错(61),食材不错(49)",2016-01-05 23:05:46
